flight_id,source_year,icao24,callsign,first_point_time_utc,last_point_time_utc,point_count,duration_sec,min_latitude,max_latitude,min_longitude,max_longitude,min_altitude,max_altitude,below_zero_altitude_points
DLH713_3c4ad7_1704082871_1704131868,2024,3c4ad7,DLH713,2024-01-01 04:21:11+00:00,2024-01-01 17:57:47+00:00,247,48996.0,37.27354431152344,50.1402980998411,8.59405517578125,126.4834919381649,0.0,12496.800000000001,0
DLH713_3c4ad5_1705206594_1705255710,2024,3c4ad5,DLH713,2024-01-14 04:29:54+00:00,2024-01-14 18:08:26+00:00,148,49112.0,37.40597999702066,50.13999938964844,8.604744576119089,126.38671875,0.0,11582.4,0
DLH713_3c4a8b_1705640373_1705688807,2024,3c4a8b,DLH713,2024-01-19 04:59:33+00:00,2024-01-19 18:26:46+00:00,459,48433.0,37.28993225097656,50.39358882580773,8.449080183699325,126.48577101687168,0.0,11582.4,0
DLH713_3c4a8c_1705726831_1705772686,2024,3c4a8c,DLH713,2024-01-20 05:00:31+00:00,2024-01-20 17:44:45+00:00,268,45854.0,37.22021484375,50.171173095703125,8.594723263302365,126.47098622423538,0.0,11582.4,0
DLH713_3c4ad5_1705812562_1705859029,2024,3c4ad5,DLH713,2024-01-21 04:49:22+00:00,2024-01-21 17:43:48+00:00,203,46466.0,37.399017333984375,50.136016845703125,8.593549226459704,126.39449099276929,0.0,11582.4,0
DLH713_3c4ada_1705899874_1705946614,2024,3c4ada,DLH713,2024-01-22 05:04:34+00:00,2024-01-22 18:03:33+00:00,197,46739.0,37.39843853449417,50.137272204382946,8.590863202069256,126.40767636506455,0.0,11582.4,0
DLH713_3c4ada_1706161202_1706207078,2024,3c4ada,DLH713,2024-01-25 05:40:02+00:00,2024-01-25 18:24:37+00:00,479,45875.0,37.39820577330509,50.140960693359375,8.59390671188767,126.39215347614694,0.0,12192.0,0
DLH713_3c4a8c_1706242752_1706290544,2024,3c4a8c,DLH713,2024-01-26 04:19:12+00:00,2024-01-26 17:35:43+00:00,255,47791.0,37.14412365929555,50.1444878012447,8.594352103568411,126.48410299549933,0.0,11582.4,0
DLH713_3c4ad9_1706415421_1706461708,2024,3c4ad9,DLH713,2024-01-28 04:17:01+00:00,2024-01-28 17:08:27+00:00,268,46286.0,37.398651123046875,50.02565002441406,8.1683349609375,126.40080990998642,0.0,11582.4,0
DLH713_3c4a8c_1706502738_1706548249,2024,3c4a8c,DLH713,2024-01-29 04:32:18+00:00,2024-01-29 17:10:48+00:00,117,45510.0,37.40123166876324,50.2758116641287,8.595985206397804,126.39338067237368,0.0,11582.4,0
DLH713_3c4ad9_1707206655_1707254698,2024,3c4ad9,DLH713,2024-02-06 08:04:15+00:00,2024-02-06 21:24:56+00:00,234,48041.0,37.39787292480469,50.132904052734375,8.552058451884502,126.40003370202106,0.0,11582.4,0
DLH713_3c4b32_1707280306_1707328356,2024,3c4b32,DLH713,2024-02-07 04:31:46+00:00,2024-02-07 17:52:31+00:00,207,48045.0,37.400665283203125,50.040767669677734,8.100635425464526,126.39273785530253,0.0,11582.4,0
DLH713_3c4ad5_1707455016_1707501387,2024,3c4ad5,DLH713,2024-02-09 05:03:36+00:00,2024-02-09 17:56:26+00:00,199,46370.0,37.39947509765625,50.2078857421875,8.575768721731086,126.3927962932181,304.8,10972.800000000001,0
DLH713_3c4ada_1707539481_1707587066,2024,3c4ada,DLH713,2024-02-10 04:31:21+00:00,2024-02-10 17:44:18+00:00,199,47577.0,37.39631652832031,50.04390335083008,8.155541670949836,126.39949632727581,0.0,11582.4,0
DLH713_3c4ad9_1707710947_1707757841,2024,3c4ad9,DLH713,2024-02-12 04:09:07+00:00,2024-02-12 17:10:40+00:00,169,46893.0,37.135092525158896,50.1395067117982,8.580900493421051,126.4864913277004,0.0,12192.0,0
DLH713_3c4acd_1708229284_1708276956,2024,3c4acd,DLH713,2024-02-18 04:08:04+00:00,2024-02-18 17:22:35+00:00,160,47671.0,37.13648909229343,50.14830508474576,8.583291543496621,126.48156348695147,0.0,10972.800000000001,0
DLH713_3c4b27_1708576908_1708623417,2024,3c4b27,DLH713,2024-02-22 04:41:48+00:00,2024-02-22 17:36:56+00:00,152,46508.0,37.140106201171875,50.16399318889036,8.585526315789473,126.46481721297555,0.0,10972.800000000001,0
DLH713_3c4ad5_1708834539_1708880065,2024,3c4ad5,DLH713,2024-02-25 04:15:39+00:00,2024-02-25 16:54:20+00:00,277,45521.0,37.39823913574219,50.15328617419227,8.5873743005701,126.39367286195147,0.0,11582.4,0
DLH713_3c4a8b_1709268125_1709313380,2024,3c4a8b,DLH713,2024-03-01 04:42:05+00:00,2024-03-01 17:16:19+00:00,225,45254.0,37.399566650390625,50.16557596497616,8.594416568153783,126.37806104577106,0.0,10972.800000000001,0
DLH713_3c4ada_1709442069_1709487520,2024,3c4ada,DLH713,2024-03-03 05:01:09+00:00,2024-03-03 17:38:39+00:00,197,45450.0,37.39842224121094,50.025146484375,8.067651045949836,126.38993283535572,0.0,11582.4,0
DLH713_3c4ada_1709786420_1709832096,2024,3c4ada,DLH713,2024-03-07 04:40:20+00:00,2024-03-07 17:21:35+00:00,144,45675.0,37.40693664550781,50.025407176906775,8.110434042440879,126.3851663340693,0.0,10972.800000000001,0
DLH713_3c4ad5_1710821247_1710868800,2024,3c4ad5,DLH713,2024-03-19 04:07:27+00:00,2024-03-19 17:19:59+00:00,142,47552.0,37.398391982256356,50.12991695080773,8.59257053684544,126.39484162026264,0.0,11582.4,0
DLH713_3c4a8b_1710913686_1710960606,2024,3c4a8b,DLH713,2024-03-20 05:48:06+00:00,2024-03-20 18:50:05+00:00,287,46919.0,37.40141787771451,50.149658203125,8.594561125102796,126.3918028486536,0.0,11582.4,0
DLH713_3c4a8c_1710995805_1711043412,2024,3c4a8c,DLH713,2024-03-21 04:36:45+00:00,2024-03-21 17:50:10+00:00,211,47605.0,37.4007568359375,50.17359924316406,8.65997314453125,126.39285473113365,0.0,11582.4,0
DLH713_3c4ada_1711253410_1711299590,2024,3c4ada,DLH713,2024-03-24 04:10:10+00:00,2024-03-24 16:59:49+00:00,225,46179.0,37.135511495299255,50.41295455673993,8.596579061972129,126.47414187167554,0.0,11582.4,0
DLH713_3c4ad7_1711343141_1711390294,2024,3c4ad7,DLH713,2024-03-25 05:05:41+00:00,2024-03-25 18:11:33+00:00,353,47152.0,37.42131042480469,50.02605890823623,8.0958396510074,126.39004971118685,0.0,11582.4,0
DLH713_3c4a8c_1711689427_1711735702,2024,3c4a8c,DLH713,2024-03-29 05:17:07+00:00,2024-03-29 18:08:21+00:00,326,46274.0,37.424285888671875,50.158355712890625,8.596512643914473,126.33733871135307,0.0,12192.0,0
DLH713_3c4ad7_1711856372_1711901930,2024,3c4ad7,DLH713,2024-03-31 03:39:32+00:00,2024-03-31 16:18:49+00:00,414,45557.0,37.39897155761719,50.17996060646186,8.596356366131756,126.3937643299932,304.8,12192.0,0
DLH713_3c4b30_1714881064_1714925948,2024,3c4b30,DLH713,2024-05-05 03:51:04+00:00,2024-05-05 16:19:06+00:00,278,44882.0,37.14603230104608,50.135009765625,8.590947201377466,126.48380445397419,0.0,10972.800000000001,0
DLH713_3c4b28_1714967114_1715011916,2024,3c4b28,DLH713,2024-05-06 03:45:14+00:00,2024-05-06 16:11:53+00:00,177,44799.0,37.38079833984375,50.12037374205508,8.593312856313345,126.48635539602726,0.0,11582.4,0
DLH713_3c4b2a_1722227218_1722271395,2024,3c4b2a,DLH713,2024-07-29 04:26:58+00:00,2024-07-29 16:43:14+00:00,184,44176.0,37.37599182128906,50.0228468038268,8.17657470703125,126.48752415433843,0.0,10363.2,0
DLH713_3c4b34_1727150157_1727196654,2024,3c4b34,DLH713,2024-09-24 03:55:57+00:00,2024-09-24 16:50:41+00:00,321,46484.0,37.410736083984375,50.18261408401747,8.581435744826859,126.46619431515958,0.0,11582.4,0
DLH713_3c4acd_1730351633_1730396794,2024,3c4acd,DLH713,2024-10-31 05:13:53+00:00,2024-10-31 17:46:33+00:00,197,45160.0,37.29826354980469,50.15766208454714,8.590937434016048,126.47244717212435,0.0,11582.4,0
DLH713_3c4acd_1730608501_1730656864,2024,3c4acd,DLH713,2024-11-03 04:35:01+00:00,2024-11-03 18:01:03+00:00,259,48362.0,37.13388216697563,50.02565002441406,7.91431323902027,126.48851759890293,0.0,11582.4,0
DLH713_3c4acd_1731041144_1731088007,2024,3c4acd,DLH713,2024-11-08 04:45:44+00:00,2024-11-08 17:46:45+00:00,211,46861.0,37.402130126953125,50.02500915527344,8.027368493982264,126.3908094040891,0.0,11582.4,0
DLH713_3c4ad7_1731126574_1731172503,2024,3c4ad7,DLH713,2024-11-09 04:29:34+00:00,2024-11-09 17:15:02+00:00,310,45928.0,37.39878845214844,50.16197204589844,8.59553981471706,126.3946078686004,0.0,11582.4,0
DLH713_3c4ad8_1731560033_1731607175,2024,3c4ad8,DLH713,2024-11-14 04:53:53+00:00,2024-11-14 17:59:34+00:00,173,47141.0,37.22428894042969,50.11376953125,8.594416568153783,126.48571511973506,0.0,11582.4,0
DLH713_3c4ada_1731646771_1731692602,2024,3c4ada,DLH713,2024-11-15 04:59:31+00:00,2024-11-15 17:43:19+00:00,209,45828.0,37.206131240068856,50.13303595074152,8.587622391550164,126.48601366126019,0.0,11582.4,0
DLH713_3c4ad7_1731731888_1731778676,2024,3c4ad7,DLH713,2024-11-16 04:38:08+00:00,2024-11-16 17:37:55+00:00,267,46787.0,37.13392639160156,50.14471435546875,8.593535552153716,126.48355037608046,0.0,11582.4,0
DLH713_3c4ada_1732769974_1732815531,2024,3c4ada,DLH713,2024-11-28 04:59:34+00:00,2024-11-28 17:38:50+00:00,329,45556.0,37.38592529296875,50.35141249834481,8.595139352898848,126.3616412618886,0.0,11582.4,0
DLH713_3c4ad8_1732858101_1732903251,2024,3c4ad8,DLH713,2024-11-29 05:28:21+00:00,2024-11-29 18:00:50+00:00,203,45149.0,37.39713507183527,50.025267520193324,8.196523565995065,126.39471966287364,-304.8,11582.4,1
DLH713_3c4ada_1733200177_1733246008,2024,3c4ada,DLH713,2024-12-03 04:29:37+00:00,2024-12-03 17:13:27+00:00,221,45830.0,37.39796447753906,50.15336608886719,8.592898720189144,126.39143570609716,0.0,11582.4,0
DLH713_3c4a8c_1735621219_1735667234,2024,3c4a8c,DLH713,2024-12-31 05:00:19+00:00,2024-12-31 17:47:13+00:00,215,46014.0,37.411376953125,50.18643136751854,8.594649031355575,126.39436141304348,0.0,11582.4,0
DLH713_3c4ad5_1736656809_1736703741,2025,3c4ad5,DLH713,2025-01-12 04:40:09+00:00,2025-01-12 17:42:20+00:00,288,46931.0,37.40006786281779,50.02381896972656,8.02421168277138,126.39424199643342,-304.8,11582.4,2
DLH713_3c4a8b_1738299071_1738345062,2025,3c4a8b,DLH713,2025-01-31 04:51:11+00:00,2025-01-31 17:37:41+00:00,305,45990.0,4.48833194021451,50.13157653808594,8.592199377111486,126.33505963264628,0.0,11582.4,0
DLH713_3c4acd_1738904206_1738949179,2025,3c4acd,DLH713,2025-02-07 04:56:46+00:00,2025-02-07 17:26:18+00:00,208,44972.0,37.39806611659163,50.02537536621094,8.181177087732264,126.38379685422208,0.0,11887.2,0
DLH713_3c4acd_1740025783_1740074888,2025,3c4acd,DLH713,2025-02-20 04:29:43+00:00,2025-02-20 18:08:07+00:00,469,49104.0,37.39398193359375,50.15291375628972,8.590441252055921,126.38034901720413,0.0,11582.4,0
DLH713_3c4ad9_1740202286_1740248739,2025,3c4ad9,DLH713,2025-02-22 05:31:26+00:00,2025-02-22 18:25:38+00:00,253,46452.0,37.401397705078125,50.20305051641949,8.590566274282095,126.39028346284907,0.0,11582.4,0
DLH713_3c4a8b_1743137717_1743183480,2025,3c4a8b,DLH713,2025-03-28 04:55:17+00:00,2025-03-28 17:37:56+00:00,275,45759.0,37.39853163896981,50.14256286621094,8.58841354782517,126.3937643299932,0.0,10972.800000000001,0
DLH713_3c4ad7_1743223260_1743269465,2025,3c4ad7,DLH713,2025-03-29 04:41:00+00:00,2025-03-29 17:31:04+00:00,290,46204.0,37.3948974609375,50.02680374404131,8.183802554481908,126.3928687054178,0.0,11582.4,0
DLH713_3c6709_1746246793_1746296745,2025,3c6709,DLH713,2025-05-03 04:33:13+00:00,2025-05-03 18:25:44+00:00,906,49951.0,37.39897155761719,50.192622815148304,8.592031378495065,126.39782449473506,0.0,12192.0,0
DLH713_3c670f_1750133211_1750178523,2025,3c670f,DLH713,2025-06-17 04:06:51+00:00,2025-06-17 16:42:02+00:00,225,45311.0,37.413009384931144,50.02491760253906,8.09150489600929,126.388927957286,0.0,12192.0,0
DLH713_3c6701_1751341112_1751387215,2025,3c6701,DLH713,2025-07-01 03:38:44+00:00,2025-07-01 16:26:54+00:00,229,46090.0,37.13749694824219,50.024871826171875,8.113547877261512,126.48577482804008,0.0,12192.0,0
DLH713_3c6702_1751427734_1751473649,2025,3c6702,DLH713,2025-07-02 03:42:20+00:00,2025-07-02 16:27:28+00:00,197,45908.0,37.21916586665784,50.145465398238876,8.60439099763569,126.46117500636889,0.0,12192.0,0
DLH713_3c6711_1751515030_1751561699,2025,3c6711,DLH713,2025-07-03 03:57:10+00:00,2025-07-03 16:54:58+00:00,371,46668.0,37.13662874900688,50.15356548761917,8.586393657483551,126.48571511973506,0.0,12192.0,0
DLH713_3c670f_1751600624_1751645733,2025,3c670f,DLH713,2025-07-04 03:43:44+00:00,2025-07-04 16:15:32+00:00,178,45108.0,37.240114373675844,50.11830139160156,8.621882388466283,126.48553599481997,0.0,12192.0,0
DLH713_3c6706_1751687101_1751733472,2025,3c6706,DLH713,2025-07-05 03:45:01+00:00,2025-07-05 16:37:51+00:00,320,46370.0,37.23893737792969,50.160552978515625,8.59615125154194,126.48637191109036,0.0,12192.0,0
DLH713_3c670e_1751773117_1751818119,2025,3c670e,DLH713,2025-07-06 03:38:37+00:00,2025-07-06 16:08:38+00:00,260,45001.0,37.38591598252118,50.124284130031775,8.595283909847861,126.461413839589,0.0,12192.0,0
DLH713_3c6702_1752725209_1752770969,2025,3c6702,DLH713,2025-07-17 04:07:05+00:00,2025-07-17 16:49:15+00:00,299,45730.0,37.220236568127646,50.1412353515625,8.578318003061655,126.46995212720788,0.0,11582.4,0
DLH713_3c670e_1752812433_1752858318,2025,3c670e,DLH713,2025-07-18 04:20:33+00:00,2025-07-18 17:05:17+00:00,244,45884.0,37.24378967285156,50.155059814453125,8.589429353412829,126.48740727850732,0.0,12192.0,0
DLH713_3c6703_1752896602_1752941822,2025,3c6703,DLH713,2025-07-19 03:44:07+00:00,2025-07-19 16:17:00+00:00,148,45173.0,37.240300582627114,50.11455471232786,8.581189607319079,126.48529716159986,0.0,12192.0,0
DLH713_3c6711_1752982590_1753027159,2025,3c6711,DLH713,2025-07-20 03:36:30+00:00,2025-07-20 15:59:18+00:00,171,44568.0,37.208038330078125,50.15859312930349,8.574973658511512,126.48571257895613,0.0,12192.0,0
DLH713_3c6710_1753242064_1753288239,2025,3c6710,DLH713,2025-07-23 03:41:04+00:00,2025-07-23 16:30:34+00:00,160,46170.0,37.40153503417969,50.17689514160156,8.590513530530426,126.31723606840093,0.0,12192.0,0
DLH713_3c6703_1753505832_1753550483,2025,3c6703,DLH713,2025-07-26 04:57:12+00:00,2025-07-26 17:21:14+00:00,254,44642.0,37.40043640136719,50.14306640625,8.589357074938322,126.40226323553857,0.0,12192.0,0
DLH713_3c670d_1753587572_1753631984,2025,3c670d,DLH713,2025-07-27 03:39:32+00:00,2025-07-27 15:59:42+00:00,192,44410.0,37.401836847854874,50.143742965439614,8.593238624366554,126.30437972697807,0.0,12192.0,0
DLH713_3c670e_1753760417_1753805951,2025,3c670e,DLH713,2025-07-29 03:40:17+00:00,2025-07-29 16:19:09+00:00,185,45532.0,37.401929952330505,50.11962890625,8.582273784436676,126.39746624490489,0.0,12192.0,0
DLH713_3c6708_1753848402_1753893924,2025,3c6708,DLH713,2025-07-30 04:06:42+00:00,2025-07-30 16:45:23+00:00,163,45521.0,37.404257564221396,50.11051940917969,8.589284796463815,126.40273073886304,0.0,12192.0,0
DLH713_3c6704_1753933414_1753978618,2025,3c6704,DLH713,2025-07-31 03:43:34+00:00,2025-07-31 16:16:56+00:00,166,45202.0,37.385009765625,50.157806396484375,8.582400760135135,126.35551290309176,0.0,12192.0,0
DLH713_3c670d_1754019450_1754065662,2025,3c670d,DLH713,2025-08-01 03:37:30+00:00,2025-08-01 16:27:40+00:00,376,46210.0,37.39997863769531,50.199005126953125,8.566733912417762,126.39682850939163,0.0,12192.0,0
DLH713_3c6704_1754105720_1754150971,2025,3c6704,DLH713,2025-08-02 03:35:20+00:00,2025-08-02 16:09:30+00:00,338,45250.0,37.40002131057998,50.16407775878906,8.59962257179054,126.39758820229389,0.0,12192.0,0
DLH713_3c6701_1754193033_1754238015,2025,3c6701,DLH713,2025-08-03 03:50:33+00:00,2025-08-03 16:20:10+00:00,182,44977.0,37.136260986328125,50.121368408203125,8.573889481393914,126.48705665101397,0.0,11582.4,0
DLH713_3c6710_1754365552_1754410010,2025,3c6710,DLH713,2025-08-05 03:45:52+00:00,2025-08-05 16:06:49+00:00,191,44457.0,37.396820068359375,50.16563415527344,8.59257053684544,126.39872011931047,0.0,12192.0,0
DLH713_3c6708_1754538990_1754583729,2025,3c6708,DLH713,2025-08-07 03:56:30+00:00,2025-08-07 16:22:08+00:00,196,44738.0,37.39708851959745,50.16357421875,8.592422072951859,126.40991860247674,0.0,12192.0,0
DLH713_3c670e_1754627632_1754673293,2025,3c670e,DLH713,2025-08-08 04:33:52+00:00,2025-08-08 17:14:52+00:00,173,45660.0,37.24071955276748,50.11483402575477,8.591085897909629,126.47081091048871,0.0,12192.0,0
DLH713_3c6705_1754711615_1754758479,2025,3c6705,DLH713,2025-08-09 03:53:35+00:00,2025-08-09 16:54:37+00:00,182,46862.0,37.242462158203125,50.16394663665254,8.516283537212171,126.48529716159986,0.0,12192.0,0
DLH713_3c6710_1754796259_1754844740,2025,3c6710,DLH713,2025-08-10 03:24:19+00:00,2025-08-10 16:52:18+00:00,190,48479.0,37.39760059421345,50.026611328125,8.032379150390625,126.39961574388587,0.0,12192.0,0
DLH713_3c6704_1754971024_1755018139,2025,3c6704,DLH713,2025-08-12 03:57:04+00:00,2025-08-12 17:02:18+00:00,200,47114.0,37.3995557882018,50.025970458984375,8.115704510663006,126.38988329016644,0.0,12192.0,0
DLH713_3c6705_1755059975_1755107357,2025,3c6705,DLH713,2025-08-13 04:39:35+00:00,2025-08-13 17:49:16+00:00,158,47381.0,37.07441711425781,50.16087418895656,8.576708341899671,126.45830900772758,0.0,12192.0,0
DLH713_3c6706_1755144684_1755191077,2025,3c6706,DLH713,2025-08-14 04:11:24+00:00,2025-08-14 17:04:36+00:00,146,46392.0,37.307464599609375,50.12242204051906,8.589501631887336,126.48641383394282,0.0,12192.0,0
DLH713_3c6704_1755315608_1755362459,2025,3c6704,DLH713,2025-08-16 03:40:08+00:00,2025-08-16 16:40:58+00:00,198,46850.0,37.20864506091102,50.03709178859904,8.164994523331925,126.47831128991169,0.0,12192.0,0
DLH713_3c6705_1755575400_1755620789,2025,3c6705,DLH713,2025-08-19 03:50:00+00:00,2025-08-19 16:26:28+00:00,166,45388.0,37.24076610500529,50.03378657971398,8.266914986275339,126.48746571642288,0.0,12192.0,0
DLH713_3c670e_1755664052_1755710342,2025,3c670e,DLH713,2025-08-20 04:27:55+00:00,2025-08-20 17:19:01+00:00,298,46266.0,37.13658142089844,50.026153564453125,8.086443449321546,126.47379124418218,0.0,12192.0,0
DLH713D_3c670b_1755900874_1755946709,2025,3c670b,DLH713D,2025-08-22 22:14:34+00:00,2025-08-23 10:58:28+00:00,196,45834.0,37.14225769042969,50.161944890426376,8.586899606805098,126.48880978848072,0.0,13106.4,0
DLH713_3c6705_1755922458_1755967973,2025,3c6705,DLH713,2025-08-23 04:14:18+00:00,2025-08-23 16:52:52+00:00,224,45514.0,37.39708851959745,50.136474609375,8.604596112225506,126.40481036642323,0.0,12192.0,0
DLH713_3c670e_1756008307_1756055431,2025,3c670e,DLH713,2025-08-24 04:05:07+00:00,2025-08-24 17:10:30+00:00,226,47123.0,37.1387701519465,50.03276243048199,8.043847986169764,126.48589424465014,0.0,12192.0,0
DLH713_3c6706_1756093450_1756139807,2025,3c6706,DLH713,2025-08-25 03:44:10+00:00,2025-08-25 16:36:46+00:00,241,46356.0,37.13658142089844,50.17935542737023,8.56666358741554,126.485595703125,0.0,12496.800000000001,0
DLH713_3c6710_1756179722_1756225705,2025,3c6710,DLH713,2025-08-26 03:42:02+00:00,2025-08-26 16:28:24+00:00,242,45982.0,37.37856072894597,50.1803330243644,8.569632865287161,126.40260115913723,0.0,12192.0,0
DLH713_3c6704_1756268077_1756313580,2025,3c6704,DLH713,2025-08-27 04:14:37+00:00,2025-08-27 16:52:59+00:00,179,45502.0,37.399136818061436,50.137877383474574,8.5897497228674,126.39800361965014,0.0,12192.0,0
DLH713_3c6706_1756526407_1756571797,2025,3c6706,DLH713,2025-08-30 04:00:07+00:00,2025-08-30 16:36:36+00:00,191,45389.0,37.140865002648304,50.105712890625,8.585073110219595,126.4861800822806,0.0,12192.0,0
DLH713_3c670e_1756698181_1756743586,2025,3c670e,DLH713,2025-09-01 03:43:01+00:00,2025-09-01 16:19:45+00:00,159,45404.0,37.136077880859375,50.145721435546875,8.589357074938322,126.48495288605386,0.0,12192.0,0
DLH713_3c670c_1756875483_1756920947,2025,3c670c,DLH713,2025-09-03 04:58:03+00:00,2025-09-03 17:35:46+00:00,206,45463.0,37.24040222167969,50.14933776855469,8.582178064294764,126.48840199346128,0.0,12192.0,0
DLH713_3c670b_1756958790_1757004197,2025,3c670b,DLH713,2025-09-04 04:07:07+00:00,2025-09-04 16:43:10+00:00,256,45363.0,37.385009765625,50.17479330806409,8.591753985430744,126.4834919381649,0.0,12192.0,0
DLH713_3c6704_1757130936_1757177649,2025,3c6704,DLH713,2025-09-06 03:55:36+00:00,2025-09-06 16:54:08+00:00,209,46712.0,37.21060025489936,50.01902952032574,8.0255126953125,126.48111758024797,0.0,12192.0,0
DLH713_3c6711_1757232750_1757279617,2025,3c6711,DLH713,2025-09-07 08:12:30+00:00,2025-09-07 21:13:36+00:00,146,46866.0,37.40025407176907,50.030388266353285,8.180550023129111,126.3963914954144,0.0,12192.0,0
DLH713_3c6707_1757302504_1757348983,2025,3c6707,DLH713,2025-09-08 03:35:04+00:00,2025-09-08 16:29:42+00:00,301,46478.0,37.398857504634535,50.041793564618644,8.13270362647804,126.4051686162534,0.0,13106.4,0
DLH713_3c670b_1757388687_1757435907,2025,3c670b,DLH713,2025-09-09 03:31:27+00:00,2025-09-09 16:38:23+00:00,195,47216.0,37.40118511652542,50.12260824947034,8.572305215371621,126.38829657372008,0.0,13106.4,0
DLH713_3c670c_1757474868_1757523468,2025,3c670c,DLH713,2025-09-10 03:27:48+00:00,2025-09-10 16:57:47+00:00,264,48599.0,37.397369384765625,50.03499693789724,8.070686741879111,126.39645120371944,0.0,12496.800000000001,0
DLH713_3c6706_1757563660_1757610658,2025,3c6706,DLH713,2025-09-11 04:07:40+00:00,2025-09-11 17:10:57+00:00,354,46997.0,37.13644254005561,50.14375305175781,8.591525429173519,126.48448538272939,0.0,12192.0,0
DLH713_3c6710_1757648119_1757695527,2025,3c6710,DLH713,2025-09-12 03:35:19+00:00,2025-09-12 16:45:13+00:00,162,47394.0,37.23369016485699,50.14402770996094,8.587333277652137,126.46165267280911,0.0,11582.4,0
DLH713_3c6704_1757742572_1757789493,2025,3c6704,DLH713,2025-09-13 05:49:32+00:00,2025-09-13 18:51:32+00:00,169,46920.0,37.13932877880032,50.16050177105402,8.60207808645148,126.485595703125,0.0,12192.0,0
DLH713_3c6707_1757820936_1757868508,2025,3c6707,DLH713,2025-09-14 03:35:36+00:00,2025-09-14 16:48:27+00:00,255,47571.0,37.40162658691406,50.126678466796875,8.605113782380755,126.40289970066236,0.0,12192.0,0
DLH713_3c6706_1757909941_1757956815,2025,3c6706,DLH713,2025-09-15 04:19:01+00:00,2025-09-15 17:20:14+00:00,306,46873.0,37.40039372848252,50.17735368114406,8.578392235008446,126.3375724630153,0.0,13106.4,0
DLH713_3c6710_1757996912_1758043953,2025,3c6710,DLH713,2025-09-16 04:28:32+00:00,2025-09-16 17:32:32+00:00,176,47040.0,37.40053338519597,50.14476013183594,8.569558633340371,126.40845765458778,0.0,11582.4,0
DLH713_3c670f_1758082331_1758129779,2025,3c670f,DLH713,2025-09-17 04:12:11+00:00,2025-09-17 17:22:55+00:00,248,47444.0,37.40565490722656,50.13536356263241,8.58408074629934,126.40367590862772,0.0,12192.0,0
DLH713_3c670b_1758166760_1758214342,2025,3c670b,DLH713,2025-09-18 03:39:20+00:00,2025-09-18 16:52:21+00:00,235,47581.0,37.36003293829449,50.108001708984375,8.598806020375845,126.46981746592421,0.0,12192.0,0
DLH713_3c6706_1758253473_1758300074,2025,3c6706,DLH713,2025-09-19 03:44:33+00:00,2025-09-19 16:41:12+00:00,214,46599.0,37.24342346191406,50.14585876464844,8.57631374049831,126.47384968209775,0.0,12192.0,0
DLH713_3c6702_1758339729_1758385836,2025,3c6702,DLH713,2025-09-20 03:42:09+00:00,2025-09-20 16:30:35+00:00,329,46106.0,37.38835144042969,50.236707784361755,8.593609784100506,126.30367847199136,0.0,12192.0,0
DLH713_3c6704_1758426562_1758471377,2025,3c6704,DLH713,2025-09-21 03:49:22+00:00,2025-09-21 16:16:15+00:00,277,44813.0,37.390869140625,50.16371387546345,8.531477644636825,126.39916602601397,0.0,12192.0,0
DLH713_3c6703_1758512053_1758557399,2025,3c6703,DLH713,2025-09-22 03:34:13+00:00,2025-09-22 16:09:58+00:00,232,45345.0,37.13914489746094,50.04487609863281,8.19847313133446,126.46105558975883,0.0,12192.0,0
DLH713_3c6707_1758599189_1758644909,2025,3c6707,DLH713,2025-09-23 03:46:29+00:00,2025-09-23 16:28:28+00:00,178,45719.0,37.239715576171875,50.01191711425781,8.052458891997466,126.48267380734708,0.0,12192.0,0
DLH713_3c6706_1758860260_1758906042,2025,3c6706,DLH713,2025-09-26 04:17:40+00:00,2025-09-26 17:00:41+00:00,311,45781.0,37.399183370299255,50.03276243048199,7.978004249366554,126.397705078125,0.0,12192.0,0
DLH713_3c6703_1758945033_1758991336,2025,3c6703,DLH713,2025-09-27 03:50:33+00:00,2025-09-27 16:42:15+00:00,187,46302.0,37.22003173828125,50.3258056640625,8.021726866026183,126.48702870244566,0.0,12192.0,0
DLH713_3c670b_1759117368_1759165655,2025,3c670b,DLH713,2025-09-29 03:42:48+00:00,2025-09-29 17:07:34+00:00,444,48286.0,7.14871164095604,50.13834290585275,8.58957391036184,126.40218320100205,0.0,12192.0,0
DLH713_3c670b_1759289730_1759337211,2025,3c670b,DLH713,2025-10-01 03:35:30+00:00,2025-10-01 16:46:45+00:00,218,47475.0,37.13406837592691,50.03290557861328,7.938364389780405,126.50873711768618,-304.8,12192.0,2
DLH713_3c6704_1759376341_1759423875,2025,3c6704,DLH713,2025-10-02 03:39:01+00:00,2025-10-02 16:51:14+00:00,123,47533.0,37.14418029785156,50.04281771385063,8.132035538956925,126.47496762483017,-304.8,12192.0,1
DLH713_3c6706_1759462843_1759509464,2025,3c6706,DLH713,2025-10-03 03:40:43+00:00,2025-10-03 16:37:37+00:00,189,46614.0,37.13951110839844,50.163482666015625,8.61010099712171,126.48678986922555,0.0,11582.4,0
DLH713_3c6710_1759548622_1759596826,2025,3c6710,DLH713,2025-10-04 03:30:25+00:00,2025-10-04 16:53:44+00:00,489,48199.0,37.3978271484375,50.3814697265625,8.573121766786318,126.39949632727581,0.0,12192.0,0
DLH713_3c6702_1759638996_1759684454,2025,3c6702,DLH713,2025-10-05 04:36:36+00:00,2025-10-05 17:14:13+00:00,161,45457.0,37.40057993743379,50.36165399066472,8.589527027027026,126.40243854928525,0.0,12192.0,0
DLH713_3c6703_1759723470_1759770248,2025,3c6703,DLH713,2025-10-06 04:04:30+00:00,2025-10-06 17:04:07+00:00,172,46777.0,37.12592173430879,50.13657392081568,8.593115555612664,126.48793321974735,0.0,12192.0,0
DLH713_3c670b_1759808545_1759855048,2025,3c670b,DLH713,2025-10-07 03:42:25+00:00,2025-10-07 16:37:27+00:00,239,46502.0,37.14198225635593,50.13149972689354,8.57186568410773,126.48983499278194,-304.8,12192.0,2
DLH713_3c6702_1759980518_1760026839,2025,3c6702,DLH713,2025-10-09 03:28:38+00:00,2025-10-09 16:20:38+00:00,241,46320.0,37.1387701519465,50.11784362792969,8.591886821546051,126.48893936820653,0.0,13106.4,0
DLH713_3c6706_1760067258_1760114233,2025,3c6706,DLH713,2025-10-10 03:34:18+00:00,2025-10-10 16:37:12+00:00,282,46974.0,37.103851318359375,50.140869140625,8.577286569695723,126.46081675653872,-304.8,13106.4,2
DLH713_3c670b_1760154367_1760201517,2025,3c670b,DLH713,2025-10-11 03:46:07+00:00,2025-10-11 16:51:55+00:00,272,47148.0,37.220096911414196,50.04189830715373,8.15861057590794,126.48781634391624,-304.8,12192.0,2
DLH713_3c6702_1760328049_1760374553,2025,3c6702,DLH713,2025-10-13 04:00:49+00:00,2025-10-13 16:55:51+00:00,255,46502.0,37.22386764267743,50.04197977356991,8.037655479029604,126.4770053295379,0.0,10363.2,0
DLH713_3c670b_1760587411_1760635035,2025,3c670b,DLH713,2025-10-16 04:03:31+00:00,2025-10-16 17:17:14+00:00,218,47623.0,37.39031982421875,50.12480163574219,8.578243771114865,126.40103603931185,0.0,12192.0,0
DLH713_3c6707_1760672467_1760720923,2025,3c6707,DLH713,2025-10-17 03:41:07+00:00,2025-10-17 17:08:42+00:00,245,48455.0,37.24223327636719,50.02582614704714,7.945713352512669,126.48810345193614,0.0,13106.4,0
DLH713_3c6704_1760758653_1760806947,2025,3c6704,DLH713,2025-10-18 03:37:33+00:00,2025-10-18 17:02:26+00:00,215,48293.0,37.39764714645127,50.02657098285222,7.9105899208470385,126.39858164685839,0.0,12192.0,0
DLH713_3c670b_1760845549_1760893760,2025,3c670b,DLH713,2025-10-19 03:45:49+00:00,2025-10-19 17:09:19+00:00,232,48210.0,37.40043640136719,50.0386962890625,8.065049020867598,126.39489878778872,0.0,13106.4,0
DLH713_3c6703_1761019812_1761067469,2025,3c6703,DLH713,2025-10-21 04:10:12+00:00,2025-10-21 17:24:28+00:00,239,47656.0,37.40062648967161,50.173736572265625,8.57223098342483,126.3946078686004,0.0,11582.4,0
DLH713_3c670b_1761105661_1761153110,2025,3c670b,DLH713,2025-10-22 04:01:01+00:00,2025-10-22 17:11:49+00:00,197,47448.0,37.39834543001854,50.18412780761719,8.59531711887669,126.39373129986703,0.0,12192.0,0
DLH713_3c6702_1761192451_1761239483,2025,3c6702,DLH713,2025-10-23 04:07:31+00:00,2025-10-23 17:11:22+00:00,297,47031.0,4.26120357190148,50.12800598144531,8.576684900232264,126.41506113904589,0.0,12192.0,0
DLH713_3c6710_1761363039_1761408806,2025,3c6710,DLH713,2025-10-25 03:30:47+00:00,2025-10-25 16:13:25+00:00,204,45758.0,37.39815922106727,50.184336516816735,8.57143201326069,126.40684044879416,0.0,12192.0,0
DLH713_3c6704_1761452672_1761500806,2025,3c6704,DLH713,2025-10-26 04:24:32+00:00,2025-10-26 17:46:45+00:00,280,48133.0,37.399183370299255,50.12907901052701,8.605783823374155,126.40997704039229,0.0,12192.0,0
DLH713_3c6710_1761626379_1761673529,2025,3c6710,DLH713,2025-10-28 04:39:39+00:00,2025-10-28 17:45:28+00:00,277,47149.0,37.398764400158896,50.14141845703125,8.591380872224505,126.29172283670177,0.0,12192.0,0
DLH713_3c6710_1761971209_1762017957,2025,3c6710,DLH713,2025-11-01 04:26:49+00:00,2025-11-01 17:25:50+00:00,250,46741.0,37.38721944518009,50.15603275622352,8.57714201274671,126.40296449052528,0.0,12192.0,0
DLH713_3c6704_1762058135_1762104652,2025,3c6704,DLH713,2025-11-02 04:35:38+00:00,2025-11-02 17:30:51+00:00,260,46513.0,37.398578191207626,50.15272521972656,8.601138466282894,126.40057107676631,0.0,12192.0,0
DLH713_3c6707_1762144001_1762190429,2025,3c6707,DLH713,2025-11-03 04:26:41+00:00,2025-11-03 17:20:28+00:00,259,46427.0,37.40272521972656,50.14691162109375,8.576759132179054,126.3906594981318,0.0,12192.0,0
DLH713_3c6711_1763095287_1763142855,2025,3c6711,DLH713,2025-11-14 04:41:27+00:00,2025-11-14 17:54:12+00:00,167,47565.0,37.398468017578125,50.17507262149099,8.58285201223273,126.40439240828805,0.0,12192.0,0
DLH713_3c670c_1764218441_1764265619,2025,3c670c,DLH713,2025-11-27 04:40:41+00:00,2025-11-27 17:46:57+00:00,313,47176.0,37.399658203125,50.16739150225106,8.540352269222861,126.3968094535496,0.0,12192.0,0
DLH713_3c670c_1764650451_1764697270,2025,3c670c,DLH713,2025-12-02 04:40:51+00:00,2025-12-02 17:41:09+00:00,173,46818.0,37.40104545981197,50.11185468253443,8.603408401076859,126.39316724694294,0.0,12192.0,0
DLH713_3c6709_1764909730_1764956039,2025,3c6709,DLH713,2025-12-05 04:42:10+00:00,2025-12-05 17:33:58+00:00,224,46308.0,37.40098571777344,50.1711622335143,8.535509611430921,126.38847188746676,0.0,12192.0,0
DLH713_3c670c_1766204433_1766251540,2025,3c670c,DLH713,2025-12-20 04:20:33+00:00,2025-12-20 17:25:39+00:00,250,47106.0,37.42986129502118,50.043888415320446,8.132123445209704,126.39973516049592,0.0,12192.0,0
DLH713_3c670b_1766291406_1766338356,2025,3c670b,DLH713,2025-12-21 04:30:06+00:00,2025-12-21 17:32:34+00:00,256,46948.0,37.43293762207031,50.03779007216631,8.091727591849661,126.39659475772939,0.0,12192.0,0
DLH713_3c6701_1768019716_1768068057,2026,3c6701,DLH713,2026-01-10 04:35:16+00:00,2026-01-10 18:00:46+00:00,295,48330.0,37.39892578125,50.031133102158364,8.102778384560033,126.41890152640966,0.0,12192.0,0
DLH713_3c6702_1768280132_1768329279,2026,3c6702,DLH713,2026-01-13 04:55:32+00:00,2026-01-13 18:34:38+00:00,191,49146.0,37.38670349121094,50.13354802535752,8.590788970122466,126.41324956366357,0.0,12192.0,0
DLH713_3c670b_1768711058_1768757836,2026,3c670b,DLH713,2026-01-18 04:37:38+00:00,2026-01-18 17:37:13+00:00,262,46775.0,37.39805603027344,50.03746032714844,8.098705394847974,126.40781483751663,0.0,12192.0,0
DLH713_3c6701_1768797332_1768844204,2026,3c6701,DLH713,2026-01-19 04:35:32+00:00,2026-01-19 17:36:41+00:00,270,46869.0,37.395831609176376,50.101566637976696,8.568613152754933,126.3673732591712,0.0,12192.0,0
DLH713_3c670b_1769315633_1769362783,2026,3c670b,DLH713,2026-01-25 04:33:53+00:00,2026-01-25 17:39:42+00:00,305,47149.0,37.402023056806144,50.02711486816406,8.163509884396115,126.36936268907913,0.0,12192.0,0
DLH713_3c670b_1769575922_1769622487,2026,3c670b,DLH713,2026-01-28 04:52:02+00:00,2026-01-28 17:48:06+00:00,246,46564.0,37.39704196735964,50.02722271418167,8.131887075063345,126.39436141304348,0.0,12192.0,0
DLH713_3c670b_1769920033_1769965805,2026,3c670b,DLH713,2026-02-01 04:27:13+00:00,2026-02-01 17:10:04+00:00,241,45771.0,37.40067304190943,50.04505222126589,8.070975855777137,126.39168597282249,0.0,12192.0,0
DLH713_3c670b_1771734649_1771785339,2026,3c670b,DLH713,2026-02-22 04:30:55+00:00,2026-02-22 18:35:38+00:00,334,50683.0,37.324979103217686,50.170696711136124,8.60095874683277,126.39495849609375,0.0,12192.0,0
DLH713_3c6703_1773290966_1773335631,2026,3c6703,DLH713,2026-03-12 04:49:26+00:00,2026-03-12 17:13:48+00:00,176,44662.0,37.48851711467161,50.12358584646451,8.587405556126644,126.395495870839,0.0,12192.0,0
DLH713_3c6701_1776398190_1776444083,2026,3c6701,DLH713,2026-04-17 03:56:30+00:00,2026-04-17 16:41:22+00:00,201,45892.0,37.40034484863281,50.12014098086599,8.595688278610641,126.42982814622962,0.0,12192.0,0
DLH713_3c6702_1777606973_1777652782,2026,3c6702,DLH713,2026-05-01 03:42:53+00:00,2026-05-01 16:26:19+00:00,373,45806.0,37.40039372848252,50.02708305746822,8.108705219469572,126.39694538522275,0.0,12192.0,0
DLH713_3c6705_1778730548_1778775018,2026,3c6705,DLH713,2026-05-14 03:49:08+00:00,2026-05-14 16:10:11+00:00,352,44463.0,37.3924798480535,50.24418640136719,8.575045936986019,126.41466223675272,0.0,12192.0,0
DLH713_3c6703_1778822702_1778866459,2026,3c6703,DLH713,2026-05-15 05:25:02+00:00,2026-05-15 17:34:18+00:00,255,43756.0,37.39271260924259,50.1361083984375,8.60879998458059,126.41460252844769,0.0,12192.0,0
DLH713_3c6702_1778903029_1778947385,2026,3c6702,DLH713,2026-05-16 03:43:49+00:00,2026-05-16 16:03:04+00:00,239,44355.0,37.39261950476695,50.11820983886719,8.600216427364865,126.4179830348238,0.0,12192.0,0
DLH713_3c6703_1778991506_1779036170,2026,3c6703,DLH713,2026-05-17 04:18:26+00:00,2026-05-17 16:42:49+00:00,392,44663.0,37.393503997285485,50.148025771318856,8.588933171452704,126.41305011251698,0.0,12192.0,0
DLH713_3c6705_1779075012_1779120350,2026,3c6705,DLH713,2026-05-18 03:30:12+00:00,2026-05-18 16:05:49+00:00,249,45337.0,37.395263671875,50.150115966796875,8.585370038006756,126.41599614569482,0.0,12192.0,0
DLH713_3c6701_1779162766_1779208948,2026,3c6701,DLH713,2026-05-19 03:52:46+00:00,2026-05-19 16:42:27+00:00,329,46181.0,37.302680581302965,50.161758681475106,8.612775300678454,126.48840199346128,0.0,12192.0,0
DLH713_3c6704_1779248675_1779293440,2026,3c6704,DLH713,2026-05-20 03:44:35+00:00,2026-05-20 16:10:38+00:00,331,44763.0,37.10234069824219,50.113065040717686,8.597247149493244,126.5154498556386,0.0,12192.0,0
DLH713_3c6703_1779335445_1779380798,2026,3c6703,DLH713,2026-05-21 03:50:45+00:00,2026-05-21 16:26:37+00:00,327,45352.0,3.10673522949219,50.168229442531775,8.60348263302365,126.51528216422874,0.0,12192.0,0
DLH713_3c6702_1779422327_1779467969,2026,3c6702,DLH713,2026-05-22 13:06:24+00:00,2026-05-22 16:39:21+00:00,250,12777.0,41.724491442664196,50.0159912109375,8.132918508429276,42.87264737215909,0.0,12192.0,0
DLH713_3c6704_1779507529_1779552649,2026,3c6704,DLH713,2026-05-23 03:38:49+00:00,2026-05-23 16:10:48+00:00,368,45119.0,1.19232177734375,50.0379638671875,7.988025562183277,126.51417184383313,0.0,12192.0,0
DLH713_3c6701_1779593484_1779637713,2026,3c6701,DLH713,2026-05-24 03:31:24+00:00,2026-05-24 15:48:32+00:00,291,44228.0,37.392608642578125,50.136932373046875,8.521487587376644,126.41307424991689,0.0,12496.800000000001,0
DLH713_3c6705_1779680426_1779725299,2026,3c6705,DLH713,2026-05-25 03:40:26+00:00,2026-05-25 16:08:18+00:00,353,44872.0,37.165304927502646,50.04002380371094,8.09128220016892,126.51586781377378,-304.8,12192.0,2
DLH713_3c6702_1779766103_1779811453,2026,3c6702,DLH713,2026-05-26 03:28:23+00:00,2026-05-26 16:04:12+00:00,439,45349.0,37.102935791015625,50.039372848252114,8.092514841180098,126.51592752207881,0.0,11582.4,0
DLH713_3c6701_1779853748_1779900125,2026,3c6701,DLH713,2026-05-27 03:49:08+00:00,2026-05-27 16:42:04+00:00,539,46376.0,37.102738719875525,50.03951250496557,8.102995219983551,126.51521102241848,0.0,12192.0,0
DLH713_3c6704_1779940453_1779987689,2026,3c6704,DLH713,2026-05-28 03:54:13+00:00,2026-05-28 17:01:28+00:00,457,47235.0,37.38981628417969,50.044074624271715,8.115036423141891,126.41585640285327,0.0,12192.0,0
DLH713_3c6703_1780027329_1780074447,2026,3c6703,DLH713,2026-05-29 04:02:09+00:00,2026-05-29 17:07:21+00:00,419,47112.0,37.38995361328125,50.11795302568856,8.582549224028716,126.41334865404212,0.0,12192.0,0
DLH713_3c6705_1780112140_1780158979,2026,3c6705,DLH713,2026-05-30 03:35:40+00:00,2026-05-30 16:36:16+00:00,453,46836.0,37.102226645259535,50.13545666710805,8.597452264083058,126.51389743970788,0.0,12192.0,0
DLH713_3c6702_1780198896_1780245196,2026,3c6702,DLH713,2026-05-31 03:41:40+00:00,2026-05-31 16:33:15+00:00,362,46295.0,37.39274597167969,50.402435302734375,8.580693425358954,126.41102003014606,0.0,12192.0,0
DLH713_3c6701_1780286404_1780332354,2026,3c6701,DLH713,2026-06-01 04:00:04+00:00,2026-06-01 16:45:48+00:00,358,45944.0,37.10270690917969,50.088592529296875,8.579579946157095,126.51419598123302,0.0,12192.0,0
DLH713_3c6705_1780372065_1780418787,2026,3c6705,DLH713,2026-06-02 03:47:45+00:00,2026-06-02 16:46:20+00:00,333,46715.0,37.39274597167969,50.165529412738344,5.49871826171875,126.41500270113032,0.0,12192.0,0
DLH713_3c6704_1780457506_1780503219,2026,3c6704,DLH713,2026-06-03 03:31:46+00:00,2026-06-03 16:13:38+00:00,262,45712.0,37.392425537109375,50.178238173662606,8.60482466848273,126.41003547830785,0.0,12192.0,0
DLH713_3c6703_1780544130_1780590822,2026,3c6703,DLH713,2026-06-04 03:35:30+00:00,2026-06-04 16:33:41+00:00,430,46691.0,37.098541259765625,50.12150573730469,8.587983783922697,126.51551591589096,0.0,12192.0,0
DLH713_3c6704_1780633210_1780679770,2026,3c6704,DLH713,2026-06-05 04:20:10+00:00,2026-06-05 17:16:05+00:00,293,46555.0,37.39256286621094,50.174468994140625,8.612052515933387,126.41523645279256,0.0,12192.0,0
DLH713_3c6701_1780717986_1780764262,2026,3c6701,DLH713,2026-06-06 03:53:19+00:00,2026-06-06 16:44:21+00:00,349,46262.0,37.39256286621094,50.13478088378906,8.590513530530426,126.41050298163232,0.0,12192.0,0
DLH713_3c6705_1780802928_1780850094,2026,3c6705,DLH713,2026-06-07 03:28:48+00:00,2026-06-07 16:34:51+00:00,319,47163.0,37.39257295252913,50.190765380859375,8.58848777977196,126.41221419624661,0.0,12192.0,0
DLH713_3c6703_1780889677_1780936016,2026,3c6703,DLH713,2026-06-08 12:11:06+00:00,2026-06-08 16:26:55+00:00,251,15349.0,41.145355224609375,50.16422595007945,8.595836742504224,48.184162486683235,0.0,12192.0,0
DLH713_3c6701_1780976346_1781022238,2026,3c6701,DLH713,2026-06-09 03:39:13+00:00,2026-06-09 16:23:56+00:00,345,45883.0,37.39251708984375,50.12750244140625,8.601572137129933,126.41179623811142,0.0,12801.6,0
DLH713_3c6704_1781063852_1781109746,2026,3c6704,DLH713,2026-06-10 03:57:32+00:00,2026-06-10 16:42:22+00:00,425,45890.0,37.389678955078125,50.12754821777344,8.578515303762336,126.41324956366357,0.0,12192.0,0
DLH713_3c6703_1781149838_1781195825,2026,3c6703,DLH713,2026-06-11 03:50:38+00:00,2026-06-11 16:37:04+00:00,291,45986.0,37.391693115234375,50.18701171875,8.581435744826859,126.41663896276596,0.0,12192.0,0
DLH713_3c6704_1781237589_1781283056,2026,3c6704,DLH713,2026-06-12 04:13:09+00:00,2026-06-12 16:50:55+00:00,340,45466.0,37.197235107421875,50.14430236816406,8.587448532516891,126.51389743970788,0.0,12192.0,0
DLH713_3c6701_1781322803_1781368316,2026,3c6701,DLH713,2026-06-13 03:53:23+00:00,2026-06-13 16:31:53+00:00,410,45510.0,37.187603449417374,50.15026027873411,8.58856201171875,126.51469778507314,0.0,12192.0,0
DLH713_3c6702_1781410667_1781456509,2026,3c6702,DLH713,2026-06-14 04:17:47+00:00,2026-06-14 17:01:46+00:00,423,45839.0,37.30188919326006,50.11619567871094,8.58722583667652,126.41513990319294,0.0,12192.0,0
DLH713_3c6703_1781496120_1781541563,2026,3c6703,DLH713,2026-06-15 04:02:00+00:00,2026-06-15 16:39:18+00:00,261,45438.0,37.39265441894531,50.13299560546875,8.5897497228674,126.41500270113032,0.0,12192.0,0
DLH713_3c6704_1781582026_1781627540,2026,3c6704,DLH713,2026-06-16 03:53:46+00:00,2026-06-16 16:32:17+00:00,300,45511.0,3.40258168365995,50.13345492088188,8.585526315789473,126.41054236370584,0.0,12192.0,0
DLH713_3c6705_1781668005_1781712971,2026,3c6705,DLH713,2026-06-17 03:46:45+00:00,2026-06-17 16:16:09+00:00,322,44964.0,37.39252640029131,50.152313232421875,8.579357250316724,126.41143798828125,0.0,12192.0,0
DLH713_3c6701_1781755128_1781800126,2026,3c6701,DLH713,2026-06-18 03:58:48+00:00,2026-06-18 16:28:43+00:00,428,44995.0,37.393550549523304,50.15635862188824,8.5897497228674,126.41634677318817,0.0,12192.0,0
DLH713_3c6702_1781840105_1781885494,2026,3c6702,DLH713,2026-06-19 03:35:11+00:00,2026-06-19 16:11:33+00:00,342,45382.0,37.39294537043167,50.13478088378906,8.589718467310854,126.41120423661903,0.0,12192.0,0
DLH713_3c6704_1781927918_1781974459,2026,3c6704,DLH713,2026-06-20 03:58:40+00:00,2026-06-20 16:54:18+00:00,254,46538.0,37.10270690917969,50.14760680117849,8.533927298880911,126.5126524580286,0.0,12192.0,0
DLH713_3c6701_1782013034_1782060681,2026,3c6701,DLH713,2026-06-21 03:37:14+00:00,2026-06-21 16:51:19+00:00,453,47645.0,37.39228820800781,50.30369645458156,8.585959986636512,126.41502048658288,0.0,12192.0,0
DLH713_3c6703_1782099335_1782146604,2026,3c6703,DLH713,2026-06-22 03:35:35+00:00,2026-06-22 16:43:23+00:00,375,47268.0,37.39257295252913,50.026702880859375,8.200180466110641,126.41239332116169,0.0,12192.0,0
DLH713_3c6705_1782186609_1782232720,2026,3c6705,DLH713,2026-06-23 03:50:09+00:00,2026-06-23 16:38:39+00:00,421,46110.0,37.10279846191406,50.03288269042969,8.190530313027871,126.51463934715758,0.0,12192.0,0
DLH713_3c6702_1782272042_1782317498,2026,3c6702,DLH713,2026-06-24 03:34:02+00:00,2026-06-24 16:11:37+00:00,395,45455.0,37.10307312011719,50.0364990234375,8.147475783889359,126.51510685048206,0.0,12192.0,0
DLH713_3c6704_1782359773_1782406040,2026,3c6704,DLH713,2026-06-25 03:56:14+00:00,2026-06-25 16:47:18+00:00,350,46264.0,37.10252380371094,49.998174117783364,8.107331928453947,126.51539014733356,0.0,12192.0,0
DLH713_3c6703_1782445755_1782490911,2026,3c6703,DLH713,2026-06-26 03:49:15+00:00,2026-06-26 16:21:50+00:00,269,45155.0,37.39530944824219,50.15281677246094,8.540496826171875,126.41529489070813,0.0,12192.0,0
DLH713_3c6701_1782532037_1782577317,2026,3c6701,DLH713,2026-06-27 03:47:17+00:00,2026-06-27 16:21:56+00:00,294,45279.0,37.392425537109375,50.185034800384,8.606414794921875,126.41260674659243,0.0,12192.0,0
DLH713_3c6702_1782617730_1782663381,2026,3c6702,DLH713,2026-06-28 03:35:30+00:00,2026-06-28 16:16:20+00:00,276,45650.0,37.39274597167969,50.14292907714844,8.592826441714637,126.41184705369017,0.0,12192.0,0
DLH713_3c6703_1782704349_1782750146,2026,3c6703,DLH713,2026-06-29 03:39:09+00:00,2026-06-29 16:22:25+00:00,452,45796.0,37.39234019134004,50.03192138671875,8.10559724506579,126.41382632048234,0.0,12192.0,0
DLH713_3c6704_1782791407_1782836813,2026,3c6704,DLH713,2026-06-30 03:50:07+00:00,2026-06-30 16:26:52+00:00,400,45405.0,37.39257295252913,50.030914306640625,8.077326594172298,126.41360019115692,0.0,12192.0,0
DLH713_3c6701_1782877935_1782922491,2026,3c6701,DLH713,2026-07-01 03:52:15+00:00,2026-07-01 16:14:50+00:00,550,44555.0,7.11125777939618,50.119171142578125,8.588706568667762,126.51510685048206,0.0,12192.0,0
DLH713_3c6705_1782964487_1783009349,2026,3c6705,DLH713,2026-07-02 03:54:47+00:00,2026-07-02 16:22:28+00:00,471,44861.0,37.219940185546875,50.14599609375,8.598731788429054,126.51469778507314,0.0,12192.0,0
DLH713_3c6702_1783050341_1783095089,2026,3c6702,DLH713,2026-07-03 03:45:41+00:00,2026-07-03 16:11:22+00:00,348,44741.0,37.102935791015625,50.156890869140625,8.584850414379224,126.5154498556386,0.0,12192.0,0
DLH713_3c6704_1783136448_1783181966,2026,3c6704,DLH713,2026-07-04 03:40:48+00:00,2026-07-04 16:19:25+00:00,451,45517.0,37.102752685546875,50.18243408203125,8.553821460620776,126.51627560879322,0.0,12192.0,0
DLH713_3c6701_1783223140_1783267877,2026,3c6701,DLH713,2026-07-05 03:45:40+00:00,2026-07-05 16:11:16+00:00,370,44736.0,37.102752685546875,50.13680668200477,8.602656314247533,126.51539904005985,0.0,11582.4,0
DLH713_3c6706_1783312350_1783357918,2026,3c6706,DLH713,2026-07-06 04:32:30+00:00,2026-07-06 17:11:54+00:00,315,45564.0,37.07075500488281,50.14234639830508,8.593832479940879,126.51580810546875,0.0,12496.800000000001,0
DLH713_3c6705_1783396085_1783441899,2026,3c6705,DLH713,2026-07-07 03:48:05+00:00,2026-07-07 16:31:38+00:00,276,45813.0,37.102645615399894,50.157257080078125,8.594871727195946,126.51521102241848,0.0,12192.0,0
DLH713_3c6704_1783490949_1783536609,2026,3c6704,DLH713,2026-07-08 06:09:09+00:00,2026-07-08 18:50:08+00:00,391,45659.0,37.102645615399894,50.15483093261719,8.60988416169819,126.51515131411345,0.0,13106.4,0
DLH713_3c6703_1783569693_1783616170,2026,3c6703,DLH713,2026-07-09 04:01:33+00:00,2026-07-09 16:56:09+00:00,362,46476.0,37.13160110732256,50.02726926641949,8.164994523331925,126.56285062749336,0.0,13106.4,0
DLH713_3c6706_1783654890_1783700826,2026,3c6706,DLH713,2026-07-10 03:41:30+00:00,2026-07-10 16:27:05+00:00,362,45935.0,37.10289001464844,50.02745547537076,8.168045847039473,126.51497218919837,0.0,12192.0,0
DLH713_3c6701_1783741574_1783785803,2026,3c6701,DLH713,2026-07-11 03:46:14+00:00,2026-07-11 16:03:22+00:00,372,44228.0,37.39261950476695,50.025238037109375,8.13306306537829,126.41400544539742,0.0,12192.0,0
DLH713_3c6703_1783913835_1783958546,2026,3c6703,DLH713,2026-07-13 03:37:15+00:00,2026-07-13 16:02:25+00:00,376,44710.0,37.102645615399894,50.04281771385063,8.17426179584704,126.51580810546875,0.0,12192.0,0
DLH713_3c6702_1784000259_1784045763,2026,3c6702,DLH713,2026-07-14 03:37:39+00:00,2026-07-14 16:16:02+00:00,419,45503.0,36.575162208686436,50.02866583355402,8.107093604835304,126.51473335597827,0.0,12192.0,0
DLH713_3c6701_1784087288_1784133281,2026,3c6701,DLH713,2026-07-15 03:48:15+00:00,2026-07-15 16:34:40+00:00,403,45985.0,37.39219665527344,50.02899169921875,8.19898103412829,126.40974328873006,0.0,12192.0,0
DLH713_3c6704_1784173967_1784220030,2026,3c6704,DLH713,2026-07-16 03:52:47+00:00,2026-07-16 16:40:29+00:00,419,46062.0,37.10343700344279,50.189666748046875,8.589601258973818,126.51493153673538,0.0,12192.0,0
DLH713_3c6703_1784259976_1784306331,2026,3c6703,DLH713,2026-07-17 03:46:16+00:00,2026-07-17 16:38:50+00:00,563,46354.0,37.273026805813025,50.134758383540785,8.585670872738486,126.41558708028592,0.0,12192.0,0
DLH713_3c6701_1784348014_1784395094,2026,3c6701,DLH713,2026-07-18 04:13:34+00:00,2026-07-18 17:18:13+00:00,804,47079.0,4.933792372881356,50.099564891750525,8.583959631017736,126.42337964928669,0.0,11582.4,0
DLH713_3c6705_1784432432_1784478681,2026,3c6705,DLH713,2026-07-19 03:40:32+00:00,2026-07-19 16:31:20+00:00,297,46248.0,37.26155090332031,50.10218811035156,8.586780444995776,126.41675202742867,0.0,12192.0,0
DLH713_3c6703_1784518899_1784565831,2026,3c6703,DLH713,2026-07-20 03:41:39+00:00,2026-07-20 16:43:44+00:00,373,46925.0,37.29084777832031,50.0441793668068,8.138267115542762,126.41406769448139,0.0,12192.0,0
DLH713_3c6701_1784606731_1784652860,2026,3c6701,DLH713,2026-07-21 04:05:31+00:00,2026-07-21 16:54:15+00:00,375,46124.0,37.102599063162074,50.044121176509535,8.125256990131579,126.51580810546875,0.0,12192.0,0
DLH713_3c6702_1784692026_1784736967,2026,3c6702,DLH713,2026-07-22 03:47:30+00:00,2026-07-22 16:16:06+00:00,329,44916.0,37.102971481064614,50.156265517412606,8.59362150493421,126.51528216422874,0.0,12192.0,0
DLH713_3c6704_1784780147_1784824899,2026,3c6704,DLH713,2026-07-23 04:16:06+00:00,2026-07-23 16:41:37+00:00,324,44731.0,37.10810852050781,50.118604757018005,8.589081635346284,126.51393809217089,0.0,12192.0,0
DLH713_3c6701_1784868020_1784912929,2026,3c6701,DLH713,2026-07-24 04:40:20+00:00,2026-07-24 17:08:48+00:00,303,44908.0,37.102645615399894,50.15510559082031,8.61068313186233,126.51417184383313,0.0,12192.0,0
DLH713_3c6703_1784951778_1784996034,2026,3c6703,DLH713,2026-07-25 03:56:18+00:00,2026-07-25 16:13:53+00:00,380,44255.0,37.10270690917969,50.19401550292969,8.527992650082236,126.51428871966424,0.0,12192.0,0
DLH713_3c6705_1785037131_1785081608,2026,3c6705,DLH713,2026-07-26 03:38:51+00:00,2026-07-26 16:00:07+00:00,296,44476.0,37.101993884070446,50.143370547537074,8.58871047561233,126.51498997465093,0.0,12192.0,0
DLH713_3c6701_1785124500_1785168695,2026,3c6701,DLH713,2026-07-27 03:55:00+00:00,2026-07-27 16:11:34+00:00,325,44194.0,37.10284423828125,50.1465826519465,8.589304331186655,126.51411340591756,0.0,12192.0,0
DLH713_3c6702_1785210432_1785255137,2026,3c6702,DLH713,2026-07-28 03:47:12+00:00,2026-07-28 16:12:16+00:00,269,44704.0,37.276336669921875,50.16265869140625,8.538306983741554,126.40857198963995,0.0,12192.0,0
DLH713_3c6703_1785296201_1785340434,2026,3c6703,DLH713,2026-07-29 03:36:41+00:00,2026-07-29 15:53:53+00:00,240,44232.0,37.26748708951271,50.14956199516684,8.592199377111486,126.40910047165892,0.0,12192.0,0
DLH713_3c6705_1785383528_1785427566,2026,3c6705,DLH713,2026-07-30 03:52:08+00:00,2026-07-30 16:06:05+00:00,208,44037.0,37.265112925384,50.1749267578125,8.532591123838683,126.40810702709442,0.0,12192.0,0
DLH713_3c6704_1785470550_1785514607,2026,3c6704,DLH713,2026-07-31 04:02:30+00:00,2026-07-31 16:16:45+00:00,277,44055.0,37.102738719875525,50.12209617485434,8.586928908889359,126.51419598123302,0.0,12496.800000000001,0
DLH713_3c6701_1785555578_1785600312,2026,3c6701,DLH713,2026-08-01 03:39:49+00:00,2026-08-01 16:05:11+00:00,355,44722.0,37.10270690917969,50.02671063956568,8.15467628272804,126.5154574779754,0.0,12496.800000000001,0
DLH713_3c6706_1785642177_1785686783,2026,3c6706,DLH713,2026-08-02 03:42:57+00:00,2026-08-02 16:06:22+00:00,360,44605.0,37.10298156738281,50.024662341101696,8.1118444494299,126.51440559549535,0.0,12192.0,0
DLH713_3c6701_1785728074_1785771944,2026,3c6701,DLH713,2026-08-03 03:34:34+00:00,2026-08-03 15:45:41+00:00,216,43867.0,37.28540970107256,50.16627502441406,8.600271124588815,126.4065876412899,0.0,12192.0,0
DLH713_3c6705_1785815544_1785859612,2026,3c6705,DLH713,2026-08-04 03:52:24+00:00,2026-08-04 16:06:50+00:00,226,44066.0,37.26173400878906,50.10822360798464,8.559162742213198,126.40851609250333,0.0,12192.0,0
DLH713_3c6704_1785902814_1785946973,2026,3c6704,DLH713,2026-08-05 04:06:54+00:00,2026-08-05 16:22:50+00:00,245,44156.0,37.291275283037606,50.1478861146054,8.515199360094572,126.48702870244566,0.0,12192.0,0
DLH713_3c6706_1785988085_1786031998,2026,3c6706,DLH713,2026-08-06 03:48:05+00:00,2026-08-06 15:59:57+00:00,339,43912.0,37.102752685546875,50.16334533691406,8.547001888877466,126.51463934715758,0.0,13106.4,0
DLH713_3c6703_1786073677_1786117033,2026,3c6703,DLH713,2026-08-07 03:34:37+00:00,2026-08-07 15:37:12+00:00,305,43355.0,37.26493835449219,50.04305047503972,8.140349516997466,126.4055941967254,0.0,12192.0,0
DLH713_3c6701_1786162847_1786206319,2026,3c6701,DLH713,2026-08-08 04:20:47+00:00,2026-08-08 16:25:18+00:00,368,43471.0,37.102738719875525,50.03434753417969,8.178504737647804,126.51491248089334,0.0,12192.0,0
DLH713_3c6702_1786247201_1786291570,2026,3c6702,DLH713,2026-08-09 03:46:41+00:00,2026-08-09 16:06:09+00:00,299,44368.0,37.1029249288268,50.159431069584215,8.529993005701014,126.51493153673538,0.0,12192.0,0
DLH713_3c6705_1786333410_1786378384,2026,3c6705,DLH713,2026-08-10 03:43:30+00:00,2026-08-10 16:13:02+00:00,400,44972.0,37.10261535644531,50.10044938426906,8.589304331186655,126.51493153673538,0.0,12192.0,0
DLH713_3c6701_1786420039_1786465399,2026,3c6701,DLH713,2026-08-11 03:47:19+00:00,2026-08-11 16:23:17+00:00,424,45358.0,37.102785272113344,50.036207296080505,8.13968142947635,126.5137183147928,0.0,13106.4,0
DLH713_3c6706_1786506112_1786551434,2026,3c6706,DLH713,2026-08-12 03:41:52+00:00,2026-08-12 16:17:13+00:00,384,45321.0,37.10287837658898,50.03205871582031,8.113114206414473,126.51487309881982,0.0,12192.0,0
DLH713_3c6703_1786591452_1786637647,2026,3c6703,DLH713,2026-08-13 03:24:13+00:00,2026-08-13 16:14:06+00:00,403,46193.0,37.2679991641287,50.027069091796875,7.984313964843749,126.40752264793883,0.0,12192.0,0
DLH713_3c6705_1786679491_1786725679,2026,3c6705,DLH713,2026-08-14 03:51:31+00:00,2026-08-14 16:41:18+00:00,280,46187.0,37.399383544921875,50.03874206542969,8.174767745168586,126.40167885638299,0.0,12192.0,0
DLH713_3c6704_1786766285_1786811973,2026,3c6704,DLH713,2026-08-15 03:58:05+00:00,2026-08-15 16:39:32+00:00,351,45687.0,37.13136291503906,50.16971911414195,8.591085897909629,126.51252414869225,0.0,12192.0,0
DLH713_3c6701_1786859226_1786905507,2026,3c6701,DLH713,2026-08-16 05:47:06+00:00,2026-08-16 18:38:26+00:00,413,46280.0,37.06754522808527,50.13992568193856,8.589601258973818,126.51516528839761,0.0,12192.0,0
DLH713_3c6705_1786938030_1786985294,2026,3c6705,DLH713,2026-08-17 03:40:30+00:00,2026-08-17 16:48:10+00:00,354,47260.0,37.10279846191406,50.20701599121094,8.58726099917763,126.51539904005985,0.0,12192.0,0
DLH713_3c6706_1787024657_1787071660,2026,3c6706,DLH713,2026-08-18 03:44:17+00:00,2026-08-18 16:47:36+00:00,382,46999.0,37.26790605965307,50.13047790527344,8.58871047561233,126.40915890957447,0.0,12192.0,0
DLH713_3c6704_1787111223_1787157901,2026,3c6704,DLH713,2026-08-19 03:47:06+00:00,2026-08-19 16:45:00+00:00,348,46674.0,37.26544189453125,50.14169466697563,8.593461320206925,126.40660161557405,0.0,12192.0,0
DLH713_3c6703_1787197651_1787244358,2026,3c6703,DLH713,2026-08-20 03:47:31+00:00,2026-08-20 16:45:57+00:00,400,46706.0,37.102785272113344,50.12379455566406,8.59806370090794,126.51487309881982,0.0,12192.0,0
DLH713_3c6701_1787285202_1787330870,2026,3c6701,DLH713,2026-08-21 04:06:42+00:00,2026-08-21 16:47:49+00:00,423,45667.0,37.102645615399894,50.09953308105469,8.593043277138158,126.51580810546875,0.0,12192.0,0
DLH713_3c6702_1787370366_1787415023,2026,3c6702,DLH713,2026-08-22 03:46:06+00:00,2026-08-22 16:10:22+00:00,333,44656.0,37.272281970007946,50.157806396484375,8.55329011615954,126.40781483751663,0.0,12192.0,0
DLH713_3c6706_1787455986_1787501891,2026,3c6706,DLH713,2026-08-23 03:33:06+00:00,2026-08-23 16:18:07+00:00,293,45901.0,37.10279846191406,50.12307377184852,8.592681884765625,126.51563279172208,0.0,12192.0,0
DLH713_3c6704_1787544407_1787590786,2026,3c6704,DLH713,2026-08-24 04:06:47+00:00,2026-08-24 16:59:44+00:00,394,46377.0,37.26837158203125,50.07710266113281,8.11481372730152,126.40731811523438,0.0,12192.0,0
DLH713_3c6703_1787639560_1787684038,2026,3c6703,DLH713,2026-08-25 06:32:40+00:00,2026-08-25 18:53:57+00:00,409,44477.0,37.267347432799255,50.034210205078125,8.204401919716283,126.41096032184103,0.0,12192.0,0
DLH713_3c6705_1787715068_1787760985,2026,3c6705,DLH713,2026-08-26 03:31:08+00:00,2026-08-26 16:16:24+00:00,326,45916.0,37.26255255230402,50.046634997351696,8.094683195415296,126.40904965608017,0.0,12192.0,0
DLH713_3c6704_1787801545_1787847640,2026,3c6704,DLH713,2026-08-27 03:32:25+00:00,2026-08-27 16:20:35+00:00,346,46090.0,37.26003873146186,50.11070251464844,8.59390671188767,126.40821373980978,0.0,12192.0,0
DLH713_3c6706_1787896225_1787943149,2026,3c6706,DLH713,2026-08-28 05:50:25+00:00,2026-08-28 18:52:28+00:00,540,46923.0,37.10284423828125,50.11157536910752,8.59390671188767,126.5133537130153,0.0,12192.0,0
DLH713_3c6702_1787975820_1788022625,2026,3c6702,DLH713,2026-08-29 03:57:00+00:00,2026-08-29 16:57:04+00:00,270,46804.0,37.26548534328654,50.151330980203916,8.559867457339637,126.40857198963995,0.0,12192.0,0
DLH713_3c6704_1788061350_1788108327,2026,3c6704,DLH713,2026-08-30 03:42:30+00:00,2026-08-30 16:45:26+00:00,409,46976.0,36.92344665527344,50.14338684082031,8.549664471600506,126.40910047165892,0.0,12192.0,0
DLH713_3c6701_1788148605_1788196042,2026,3c6701,DLH713,2026-08-31 03:56:45+00:00,2026-08-31 17:07:20+00:00,347,47435.0,37.10284423828125,50.21397399902344,8.589501631887336,126.51539904005985,0.0,12192.0,0
DLH713_3c6706_1788235025_1788282142,2026,3c6706,DLH713,2026-09-01 03:57:05+00:00,2026-09-01 17:02:21+00:00,335,47116.0,37.10287837658898,50.14257915949417,8.583863910875822,126.51353918987772,0.0,12192.0,0
DLH713_3c6702_1788324874_1788370778,2026,3c6702,DLH713,2026-09-02 04:54:34+00:00,2026-09-02 17:39:37+00:00,326,45903.0,37.27195610434322,50.500007241459215,8.535931561444256,126.40834077875665,0.0,12192.0,0
DLH713_3c6704_1788408073_1788453970,2026,3c6704,DLH713,2026-09-03 04:01:13+00:00,2026-09-03 16:46:09+00:00,244,45896.0,37.26539223881091,50.138214111328125,8.531462016858551,126.4065876412899,0.0,12192.0,0
DLH713_3c6701_1788493687_1788539496,2026,3c6701,DLH713,2026-09-04 03:48:07+00:00,2026-09-04 16:31:35+00:00,609,45808.0,37.102599063162074,50.20267809851695,8.613726641680744,126.51481466090426,0.0,11582.4,0
DLH713_3c6705_1788579900_1788626178,2026,3c6705,DLH713,2026-09-05 03:45:00+00:00,2026-09-05 16:36:05+00:00,352,46265.0,37.268463134765625,50.13349914550781,8.584442138671875,126.40629545171211,0.0,11582.4,0
DLH713_3c6701_1788666188_1788712774,2026,3c6701,DLH713,2026-09-06 03:43:08+00:00,2026-09-06 16:39:33+00:00,564,46585.0,37.26865089545816,50.0361328125,8.106870908994933,126.4072888962766,0.0,12192.0,0
DLH713_3c6703_1788754016_1788800735,2026,3c6703,DLH713,2026-09-07 05:18:25+00:00,2026-09-07 17:05:34+00:00,251,42429.0,39.040740966796875,50.14237976074219,8.588851125616776,116.58673493758492,0.0,12192.0,0
DLH713_3c6704_1788838535_1788885599,2026,3c6704,DLH713,2026-09-08 03:35:35+00:00,2026-09-08 16:39:57+00:00,237,47062.0,37.28155517578125,50.148910263837394,8.559939735814144,126.40660161557405,0.0,12192.0,0
DLH713_3c6705_1788925483_1788972492,2026,3c6705,DLH713,2026-09-09 03:44:43+00:00,2026-09-09 16:48:11+00:00,400,47008.0,37.10287837658898,50.153045654296875,8.586032265111019,126.51389743970788,0.0,12192.0,0
DLH713_3c6702_1789012451_1789058782,2026,3c6702,DLH713,2026-09-10 03:54:11+00:00,2026-09-10 16:46:19+00:00,349,46328.0,37.387939453125,50.03234346034163,8.038577517947635,126.41845053814828,0.0,12192.0,0
DLH713_3c6704_1789102680_1789147595,2026,3c6704,DLH713,2026-09-11 04:58:00+00:00,2026-09-11 17:26:34+00:00,291,44914.0,37.26576232910156,50.113128662109375,8.593684016047298,126.40928848930028,0.0,12192.0,0
DLH713_3c6706_1789184865_1789229804,2026,3c6706,DLH713,2026-09-12 03:47:45+00:00,2026-09-12 16:16:42+00:00,294,44937.0,37.2706060894465,50.17698669433594,8.587983783922697,126.43299268639606,-304.8,12192.0,1
DLH713_3c6703_1789270173_1789315615,2026,3c6703,DLH713,2026-09-13 03:29:33+00:00,2026-09-13 16:06:53+00:00,258,45440.0,37.26297152244438,50.17986750198622,8.586483517208615,126.43388831097147,-304.8,12192.0,1
DLH713_3c6705_1789357666_1789403256,2026,3c6705,DLH713,2026-09-14 03:47:46+00:00,2026-09-14 16:27:33+00:00,281,45587.0,37.26365661621094,50.10401916503906,8.591380872224505,126.41394573709239,0.0,12192.0,0
DLH713_3c6702_1789448108_1789493094,2026,3c6702,DLH713,2026-09-15 04:55:08+00:00,2026-09-15 17:24:49+00:00,382,44981.0,37.35777282714844,50.14988708496094,8.527848093133223,126.43167910368547,-304.8,12192.0,1
DLH713_3c6706_1789530633_1789576769,2026,3c6706,DLH713,2026-09-16 03:50:33+00:00,2026-09-16 16:39:29+00:00,268,46136.0,37.38958740234375,50.15929141287076,8.5104700036951,126.4165805248504,0.0,12192.0,0
DLH713_3c6704_1789616074_1789662066,2026,3c6704,DLH713,2026-09-17 03:34:34+00:00,2026-09-17 16:21:04+00:00,397,45990.0,3.126251220703125,50.13443251787606,8.593043277138158,126.51463934715758,-304.8,12192.0,1
DLH713_3c6702_1789703612_1789750233,2026,3c6702,DLH713,2026-09-18 03:53:32+00:00,2026-09-18 16:50:32+00:00,420,46620.0,37.102133540783896,50.15361203985699,8.593832479940879,126.51317839926863,-304.8,13106.4,1
DLH713_3c6703_1789790047_1789835447,2026,3c6703,DLH713,2026-09-19 03:54:31+00:00,2026-09-19 16:30:46+00:00,255,45375.0,37.26026916503906,50.12457275390625,8.595688278610641,126.4582794838764,0.0,12192.0,0
DLH713_3c6704_1789878544_1789924378,2026,3c6704,DLH713,2026-09-20 04:29:04+00:00,2026-09-20 17:12:50+00:00,365,45826.0,37.26814270019531,50.11015319824219,8.60511573585304,126.41376661217731,0.0,12192.0,0
DLH713_3c6702_1789962555_1790008713,2026,3c6702,DLH713,2026-09-21 03:49:15+00:00,2026-09-21 16:38:32+00:00,415,46157.0,37.264984130859375,50.1685553081965,8.53377883498733,126.41652208693485,-304.8,12192.0,2
DLH713_3c6703_1790048599_1790094859,2026,3c6703,DLH713,2026-09-22 03:43:19+00:00,2026-09-22 16:34:18+00:00,402,46259.0,37.102785272113344,50.03521728515625,8.19746318616365,126.5143751061481,0.0,12192.0,0
DLH713_3c6706_1790135565_1790181614,2026,3c6706,DLH713,2026-09-23 03:52:45+00:00,2026-09-23 16:40:13+00:00,376,46048.0,37.10284423828125,50.15785217285156,8.60504150390625,126.51440559549535,0.0,12192.0,0
DLH713_3c6705_1790221021_1790266649,2026,3c6705,DLH713,2026-09-24 03:37:22+00:00,2026-09-24 16:17:27+00:00,274,45605.0,37.262273238877114,50.14728093551377,8.544022843644425,126.42295025764628,0.0,12192.0,0
DLH713_3c6701_1790307543_1790353218,2026,3c6701,DLH713,2026-09-25 03:39:03+00:00,2026-09-25 16:20:16+00:00,373,45673.0,37.07501220703125,50.19695217326536,8.556568042652026,126.51557435380653,0.0,12192.0,0
DLH713_3c6704_1790394330_1790441279,2026,3c6704,DLH713,2026-09-26 03:45:30+00:00,2026-09-26 16:47:52+00:00,295,46942.0,37.2622266866393,50.172931218551376,8.612052515933387,126.4339480192765,0.0,12192.0,0
DLH713_3c6705_1790480452_1790526479,2026,3c6705,DLH713,2026-09-27 03:40:52+00:00,2026-09-27 16:27:58+00:00,487,46026.0,37.2525438211732,50.15533447265625,8.49376781566723,126.4148413616678,0.0,12192.0,0
DLH713_3c6702_1790567346_1790613394,2026,3c6702,DLH713,2026-09-28 03:49:06+00:00,2026-09-28 16:36:33+00:00,377,46047.0,37.26320428363347,50.02317810058594,8.068084716796875,126.419677734375,0.0,12192.0,0
