flight_id,date,icao24,typecode,position_point_count,median_gap_min,max_gap_min,start_distance_km,end_distance_km,status
DLH5H_3c65ca_1735807950_1735811602,2025-01-02,3c65ca,A20N,3528,0.016700001566666667,0.0998999993,0.679647589831702,1.8950140961227375,ok
DLH5H_3c65d6_1735894080_1735898266,2025-01-03,3c65d6,A20N,4078,0.01670000155,0.08233333428333332,0.8339427262899239,2.256266230253855,ok
DLH5H_3c65cd_1735981491_1735985270,2025-01-04,3c65cd,A20N,3661,0.016699997583333334,0.11129999956666665,0.8953718052494107,2.2256808597647284,ok
DLH5H_3c6544_1736153391_1736157254,2025-01-06,3c6544,A20N,3605,0.0167500019,0.16036666631666666,0.8539192105136918,2.1270223913282695,ok
DLH5H_3c6542_1736241444_1736245161,2025-01-07,3c6542,A20N,3566,0.01671666701666667,0.26474999983333336,0.8486264413329657,0.9875144550121844,ok
DLH5H_3c65ce_1736325962_1736329512,2025-01-08,3c65ce,A20N,3450,0.016683332133333333,2.6769000013666666,1.47686188410994,2.1247504742669925,ok
DLH5H_3c65d6_1736412344_1736416035,2025-01-09,3c65d6,A20N,3650,0.016666666666666666,0.08574999968333333,0.951387522551664,2.1665566058636676,ok
DLH5H_3c65ca_1736498628_1736502426,2025-01-10,3c65ca,A20N,3677,0.016683332133333333,0.09911666711666665,0.8575348998193196,2.2134826356024795,ok
DLH5H_3c65c1_1736584938_1736588836,2025-01-11,3c65c1,A20N,3835,0.016699997591666668,1.8373166680333335,1.9294560946442525,2.1626710940023326,ok
DLH5H_3c65d6_1736672951_1736676749,2025-01-12,3c65d6,A20N,3698,0.016683332133333333,0.075,0.8503673297431941,2.045848238440394,ok
DLH5H_3c65d6_1736757876_1736762069,2025-01-13,3c65d6,A20N,3750,0.01676666338333333,0.17374999921666667,0.9403586967827285,2.7317589631163623,ok
DLH5H_3c65d6_1736844068_1736847874,2025-01-14,3c65d6,A20N,3483,0.016749997933333333,0.2254666686,0.7988051964982749,5.009091238680032,ok
DLH5H_3c65d6_1736930647_1736934619,2025-01-15,3c65d6,A20N,3585,0.016799998283333333,0.17491666475,0.9462386805718975,5.008651599063646,ok
DLH5H_3c65d6_1737017527_1737021326,2025-01-16,3c65d6,A20N,3406,0.016783332816666666,0.27534999848333336,0.979165098533789,3.08669129536877,ok
DLH5H_3c65d6_1737103290_1737107002,2025-01-17,3c65d6,A20N,3401,0.01678333481666667,0.5013000011500001,0.5677071841261778,5.029513718648724,ok
DLH5H_3c65d6_1737189413_1737193358,2025-01-18,3c65d6,A20N,3598,0.01673333645,0.1822999994,0.9919095031461382,5.060935705561488,ok
DLH5H_3c65d6_1737275617_1737279649,2025-01-19,3c65d6,A20N,3641,0.016733332483333332,0.26555000145,0.9612068710283022,5.018965261088769,ok
DLH5H_3c65d6_1737362883_1737367101,2025-01-20,3c65d6,A20N,4051,0.016700001566666667,0.09443333546666667,0.8683405514630333,2.85648238814541,ok
DLH5H_3c65d6_1737448474_1737452546,2025-01-21,3c65d6,A20N,3807,0.01671666701666667,0.14003333251666666,0.9407057426085716,2.8020856793100526,ok
DLH5H_3c65d6_1737535135_1737538933,2025-01-22,3c65d6,A20N,3615,0.016699997591666668,3.0800333340833332,2.2318731060890764,2.811029647818172,ok
DLH5H_3c65d6_1737622182_1737625722,2025-01-23,3c65d6,A20N,3391,0.016733332483333332,0.09114999773333333,0.8787512758277155,2.6311437662842896,ok
DLH5H_3c65c7_1737794079_1737797904,2025-01-25,3c65c7,A20N,3698,0.016683332116666668,0.09261666935,0.8779937392331789,2.282649692740351,ok
DLH5H_3c65d9_1737881200_1737884897,2025-01-26,3c65d9,A20N,3564,0.016683332133333333,3.5247500022166665,2.2383131909111396,0.951182874690456,ok
DLH5H_3c6541_1737967381_1737971212,2025-01-27,3c6541,A20N,3621,0.01671666701666667,0.24861666756666667,0.8638639128301092,2.8709618477295145,ok
DLH5H_3c65c1_1738054279_1738058231,2025-01-28,3c65c1,A20N,3718,0.01671666701666667,0.17986666758333333,0.5787819004537808,1.0032237195531615,ok
DLH5H_3c65d6_1738140165_1738143928,2025-01-29,3c65d6,A20N,3609,0.016683332116666668,0.11085000038333333,0.6075181460005993,2.2134826356024795,ok
DLH5H_3c65d6_1738226574_1738230495,2025-01-30,3c65d6,A20N,3746,0.01670000155,0.11071666478333334,0.5798547613128032,1.088564763648219,ok
DLH5H_3c65c5_1738312943_1738317165,2025-01-31,3c65c5,A20N,4029,0.01671666701666667,0.13738333386666665,1.0953527337596765,2.5580273884601574,ok
DLH5H_3c65c2_1738399423_1738403145,2025-02-01,3c65c2,A20N,3379,0.0167500019,0.1837833325,1.040642056555211,2.460671277957895,ok
DLH5H_3c65ce_1738484925_1738488828,2025-02-02,3c65ce,A20N,3531,0.016749997933333333,0.23331666786666666,0.5929140310649723,2.456047108267605,ok
DLH5H_3c65cd_1738572081_1738576438,2025-02-03,3c65cd,A20N,4171,0.016733332483333332,3.25978333155,1.4749007431734458,2.5630871327257556,ok
DLH5H_3c65d9_1738657980_1738662133,2025-02-04,3c65d9,A20N,4035,0.01671666701666667,0.06551666658333334,0.8512082028229268,0.9351322913763473,ok
DLH5H_3c65c9_1738744864_1738748728,2025-02-05,3c65c9,A20N,3736,0.016683332133333333,0.09375,0.8559883559580771,2.061066747299666,ok
DLH5H_3c65c7_1738831230_1738834759,2025-02-06,3c65c7,A20N,3190,0.0167500019,0.2561666687333333,1.09926839246015,3.9537242419336667,ok
DLH5H_3c65c7_1738917632_1738921215,2025-02-07,3c65c7,A20N,3253,0.016791667541666666,1.7850499987666666,2.3483619016250494,4.426109757612569,ok
DLH5H_3c65ca_1739004318_1739008134,2025-02-08,3c65ca,A20N,3466,0.016733332483333332,0.16086666585,0.6727906092015917,2.472453599872066,ok
DLH5H_3c65c6_1739090840_1739094569,2025-02-09,3c65c6,A20N,3503,0.016733332483333332,2.8040666659666664,2.355987559728398,4.5590305319604445,ok
DLH5H_3c65c1_1739177644_1739181316,2025-02-10,3c65c1,A20N,3360,0.016733332466666664,2.255133330833333,2.329147008591571,4.3169579465995955,ok
DLH5H_3c65c6_1739263533_1739267502,2025-02-11,3c65c6,A20N,3885,0.016700001566666667,0.1153333346,0.8342946890592099,2.848308913010055,ok
DLH5H_3c65cd_1739349439_1739352852,2025-02-12,3c65cd,A20N,3123,0.016733332466666664,0.24228333631666665,0.8873801532525268,2.4652981773876212,ok
DLH5H_3c65c7_1739436295_1739440122,2025-02-13,3c65c7,A20N,3732,0.016666666666666666,0.09188333353333333,0.9207061308437112,3.06904315701047,ok
DLH5H_3c6541_1739522614_1739526264,2025-02-14,3c6541,A20N,3334,0.016733332466666664,0.23889999788333333,0.5976340220363215,3.98942267582413,ok
DLH5H_3c6542_1739609606_1739612965,2025-02-15,3c6542,A20N,3100,0.01671666701666667,0.13033333223333335,0.8801681048579475,4.606553268420293,ok
DLH5H_3c6544_1739695741_1739698919,2025-02-16,3c6544,A20N,2895,0.01671666701666667,0.23906666835,0.5898963744099224,4.644359229088158,ok
DLH5H_3c65c7_1739782358_1739785767,2025-02-17,3c65c7,A20N,3163,0.0167666634,0.52153333425,0.8992338240608451,4.700172691514421,ok
DLH5H_3c65d9_1739868348_1739871718,2025-02-18,3c65d9,A20N,3109,0.016766667366666665,0.14311666488333333,1.1925421230859494,4.735174586740122,ok
DLH5H_3c65c5_1739954231_1739957766,2025-02-19,3c65c5,A20N,3304,0.01671666701666667,1.3895500024166667,1.5235560216689297,3.913368591713957,ok
DLH5H_3c65d6_1740041626_1740045471,2025-02-20,3c65d6,A20N,3746,0.016699997583333334,1.1953666647333334,1.4792301513171258,2.7237617506078164,ok
DLH5H_3c65cd_1740127801_1740131789,2025-02-21,3c65cd,A20N,3849,0.016699997583333334,0.20206666786666666,1.5351230661477073,2.0761679918270204,ok
DLH5H_3c65c6_1740213797_1740218143,2025-02-22,3c65c6,A20N,4272,0.0166833361,0.06716666618333332,0.875919538557151,2.129539330904504,ok
DLH5H_3c65d9_1740300120_1740304077,2025-02-23,3c65d9,A20N,3864,0.01670000155,0.0640500029,0.8503673297431941,2.310637672693966,ok
DLH5H_3c65d9_1740389945_1740393614,2025-02-24,3c65d9,A20N,3541,0.01670000155,0.13540000121666665,0.6631052971450935,2.6924482404560504,ok
DLH5H_3c6542_1740472980_1740476967,2025-02-25,3c6542,A20N,3919,0.016683336091666667,0.07359999815,0.9319092514711751,2.1364855642113243,ok
DLH5H_3c65ce_1740559171_1740563301,2025-02-26,3c65ce,A20N,4017,0.01670000155,0.14686666726666667,0.7862042410662473,2.167356733668926,ok
DLH5H_3c65c9_1740646150_1740650079,2025-02-27,3c65c9,A20N,3815,0.016683332133333333,0.08363333543333333,1.1004192399058885,2.377075696602128,ok
DLH5H_3c65c1_1740732270_1740736049,2025-02-28,3c65c1,A20N,3448,0.016733332483333332,0.32685000101666667,0.7032058585081558,4.590908718263719,ok
DLH5H_3c65c7_1740822723_1740826879,2025-03-01,3c65c7,A20N,3886,0.01671666305,0.20118333498333335,0.9394955400582076,3.895437544615763,ok
DLH5H_3c65d9_1740905050_1740908788,2025-03-02,3c65d9,A20N,3468,0.01671666701666667,0.13133333525,0.6830024643354331,4.783451055058775,ok
DLH5H_3c65cd_1740991032_1740994730,2025-03-03,3c65cd,A20N,3480,0.01671666701666667,0.15923333565,0.8730460249791677,4.17827476458561,ok
DLH5H_3c65c2_1741077576_1741081478,2025-03-04,3c65c2,A20N,3615,0.016733334466666666,0.2519666671833333,0.9474679930719158,2.397023764435007,ok
DLH5H_3c65d6_1741164163_1741168404,2025-03-05,3c65d6,A20N,4133,0.016716665025,0.09806666771666667,0.8623727624258933,2.167356733668926,ok
DLH5H_3c65c1_1741250690_1741254884,2025-03-06,3c65c1,A20N,4027,0.016699999566666665,0.15836666424999998,1.2628905156218335,1.1299979190244223,ok
DLH5H_3c65ce_1741338397_1741342205,2025-03-07,3c65ce,A20N,3664,0.0166833361,0.14338333606666664,0.7698025256123926,2.2379313431946666,ok
DLH5H_3c6541_1741423292_1741426917,2025-03-08,3c6541,A20N,3301,0.016733332483333332,0.2787500023833333,0.828994574282177,4.998498627507473,ok
DLH5H_3c6544_1741509720_1741513198,2025-03-09,3c6544,A20N,3223,0.016733332466666664,0.2626166661666667,0.804164816772507,4.757463403225912,ok
DLH5H_3c65c2_1741683532_1741687390,2025-03-11,3c65c2,A20N,3751,0.016733332474999998,1.0070500016166666,1.9934320718806409,2.149022736505327,ok
DLH5H_3c65ca_1741769206_1741772815,2025-03-12,3c65ca,A20N,3332,0.016750001916666667,0.19948333501666668,0.994854037161243,4.736683292454388,ok
DLH5H_3c65ce_1741854814_1741858555,2025-03-13,3c65ce,A20N,3501,0.01670000155,0.15643333595,1.0389629837756726,3.8224163869626966,ok
DLH5H_3c6542_1741941289_1741944888,2025-03-14,3c6542,A20N,3244,0.016766667366666665,0.2050333341,0.646081501468511,4.580384084331655,ok
DLH5H_3c65c2_1742027566_1742031412,2025-03-15,3c65c2,A20N,3593,0.016724999741666666,1.8874166647666668,2.003929570653216,4.61696299772484,ok
DLH5H_3c65c7_1742114920_1742118966,2025-03-16,3c65c7,A20N,3797,0.016733332483333332,0.16371666591666667,1.0315682119284084,4.596230510414807,ok
DLH5H_3c6541_1742201822_1742205711,2025-03-17,3c6541,A20N,3684,0.01671666701666667,0.13521666526666667,0.8445927776976955,3.776012004382582,ok
DLH5H_3c65c5_1742288700_1742292317,2025-03-18,3c65c5,A20N,3320,0.016749997933333333,0.18659999766666668,0.6965555387825698,4.596286972619518,ok
DLH5H_3c6542_1742373337_1742377014,2025-03-19,3c6542,A20N,3377,0.016733332483333332,0.18908333381666667,0.8640049552048984,4.851450968666395,ok
DLH5H_3c65d9_1742460129_1742464095,2025-03-20,3c65d9,A20N,3846,0.016683332133333333,0.7930499990666667,1.992189475062007,2.163684989908619,ok
DLH5H_3c6541_1742633059_1742636875,2025-03-22,3c6541,A20N,3480,0.01671666701666667,2.0344499985333333,2.306291606958272,4.553663295702705,ok
DLH5H_3c6541_1742720310_1742724175,2025-03-23,3c6541,A20N,3757,0.016683332133333333,0.09308333398333332,0.6773028171895735,2.1939603536215206,ok
DLH5H_3c65d8_1742806260_1742810277,2025-03-24,3c65d8,A20N,3876,0.01670000155,0.11263333558333333,0.7566254694368013,2.0034353558025044,ok
DLH5H_3c65cd_1742898154_1742901987,2025-03-25,3c65cd,A20N,3720,0.016699997583333334,3.643500002216667,1.1680910237146425,1.9888066541181926,ok
DLH5H_3c65d6_1742979099_1742982929,2025-03-26,3c65d6,A20N,3530,0.01673333645,0.18700000048333332,0.5681186911257193,4.992949951474249,ok
DLH5H_3c65d6_1743065704_1743069269,2025-03-27,3c65d6,A20N,3296,0.016733332466666664,0.18659999768333335,0.7694064107896306,4.68167808290766,ok
DLH5H_3c65c7_1743151064_1743155159,2025-03-28,3c65c7,A20N,3972,0.016733332466666664,0.08375000158333333,0.9488506435555775,1.599237924367178,ok
DLH5H_3c6542_1743238622_1743242238,2025-03-29,3c6542,A20N,3340,0.016750001916666667,0.2712833325166667,0.5822980523388259,4.590987346073378,ok
DLH5H_3c6544_1743320514_1743324419,2025-03-30,3c6544,A20N,3781,0.01671666701666667,0.14744999806666667,0.7562010907669309,1.9531945816053955,ok
DLH5H_3c65c9_1743407200_1743410980,2025-03-31,3c65c9,A20N,3658,0.016683332116666668,1.4640500028833332,2.374801123101172,2.2903437232349306,ok
DLH5H_3c65d8_1743492990_1743496796,2025-04-01,3c65d8,A20N,3560,0.01671666701666667,0.15324999888333332,0.8251820795068133,4.70545730670622,ok
DLH5H_3c65d6_1743579877_1743584214,2025-04-02,3c65d6,A20N,4110,0.016749997933333333,1.0546333352666666,1.5226615607895677,2.841630991169905,ok
DLH5H_3c65d8_1743667329_1743671009,2025-04-03,3c65d8,A20N,3364,0.016733332483333332,0.16793333293333335,0.5871058468537927,2.5334835561152023,ok
DLH5H_3c65d8_1743752910_1743756569,2025-04-04,3c65d8,A20N,3229,0.016816667716666667,2.34116666715,2.378402088212812,2.8086929349594825,ok
DLH5H_3c6544_1743839235_1743843086,2025-04-05,3c6544,A20N,3555,0.016749997933333333,0.27401666641666667,0.622647378142695,4.992949951474249,ok
DLH5H_3c65c5_1743926046_1743929518,2025-04-06,3c65c5,A20N,3114,0.016766667366666665,0.2606833338666667,1.5940155111933985,4.944630221058606,ok
DLH5H_3c65d9_1744012620_1744016498,2025-04-07,3c65d9,A20N,3530,0.016766667366666665,0.25889999866666663,1.040642056555211,4.9561837065482335,ok
DLH5H_3c6544_1744099074_1744102564,2025-04-08,3c6544,A20N,3274,0.01673333645,0.1365166664,0.6744410719942845,5.057729684547924,ok
DLH5H_3c65c1_1744185330_1744188939,2025-04-09,3c65c1,A20N,3251,0.016766667366666665,0.3541833361,1.4371364071977784,2.5690135795079616,ok
DLH5H_3c65ca_1744271329_1744275243,2025-04-10,3c65ca,A20N,3523,0.016783332816666666,0.2506333351166667,0.645687064366944,5.019200485705752,ok
DLH5H_3c65c1_1744357538_1744361434,2025-04-11,3c65c1,A20N,3563,0.016750001916666667,0.24323333103333333,0.9926221809386988,2.310637672693966,ok
DLH5H_3c65c5_1744445741_1744449407,2025-04-12,3c65c5,A20N,3380,0.01673333645,0.24924999871666667,0.8366675946125587,2.3880390396591635,ok
DLH5H_3c65d6_1744531170_1744535125,2025-04-13,3c65d6,A20N,3845,0.01671666701666667,0.12518333196666667,0.9083465198654621,2.3813227177752068,ok
DLH5H_3c6541_1744616539_1744620658,2025-04-14,3c6541,A20N,3826,0.016749997933333333,0.2131500005666667,1.1256233261673196,2.161243504732251,ok
DLH5H_3c65c5_1744702870_1744706617,2025-04-15,3c65c5,A20N,2915,0.016933333866666667,0.36328333615,0.574919064587574,4.919455712772589,ok
DLH5H_3c65d9_1744789855_1744794024,2025-04-16,3c65d9,A20N,3350,0.016883333533333333,0.3300999999,1.0800959034642108,2.2649953285260835,ok
DLH5H_3c65d9_1744876474_1744880544,2025-04-17,3c65d9,A20N,3522,0.016783332816666666,0.2786499977,1.2232894480772132,4.880041695300686,ok
DLH5H_3c65c6_1744962355_1744966697,2025-04-18,3c65c6,A20N,3756,0.01684999863333333,0.33044999838333333,0.5676462543200467,1.6733126763016304,ok
DLH5H_3c65ca_1745049360_1745053134,2025-04-19,3c65ca,A20N,3068,0.016866668066666667,0.23930000066666668,0.9232578914241737,5.12897966244231,ok
DLH5H_3c65c7_1745135689_1745139268,2025-04-20,3c65c7,A20N,3149,0.016816667716666667,0.23666666746666667,0.6143723003536258,4.940290773801113,ok
DLH5H_3c65d6_1745221950_1745226385,2025-04-21,3c65d6,A20N,3851,0.016775000091666666,0.29343333641666663,0.8176062405732377,1.5401280934460129,ok
DLH5H_3c65ce_1745313404_1745317553,2025-04-22,3c65ce,A20N,3679,0.016733332483333332,0.3024333318,1.0818122703613244,2.2351715362981452,ok
DLH5H_3c65ca_1745395579_1745399352,2025-04-23,3c65ca,A20N,3482,0.0167500019,0.18479999701666666,0.8402199918705447,4.976852607086582,ok
DLH5H_3c65cd_1745481266_1745484952,2025-04-24,3c65cd,A20N,2959,0.016950003325,0.4409833312,0.7144168015002926,2.151629706885826,ok
DLH5H_3c65c1_1745567475_1745571059,2025-04-25,3c65c1,A20N,2736,0.016999999683333333,0.4165833354166667,0.5993549876031573,2.945320666987191,ok
DLH5H_3c65ce_1745654704_1745658539,2025-04-26,3c65ce,A20N,2899,0.016883333516666665,0.9774333357833334,0.5761636923718128,2.6652818001045615,ok
DLH5H_3c65c1_1745740182_1745743749,2025-04-27,3c65c1,A20N,2944,0.016850002583333336,0.43396666845,0.8298751989756082,4.998266441529353,ok
DLH5H_3c6544_1745826676_1745830377,2025-04-28,3c6544,A20N,3040,0.016866668066666667,0.6415000001666668,1.4009964644393647,5.003562982102652,ok
DLH5H_3c65c3_1745913211_1745917015,2025-04-29,3c65c3,A20N,3278,0.016799998283333333,0.25961666506666664,0.6225693822001052,4.933614536124852,ok
DLH5H_3c65ce_1745999495_1746003119,2025-04-30,3c65ce,A20N,2860,0.016816667716666667,0.7176166653666667,0.6024924425710272,5.111460419953051,ok
DLH5H_3c65d6_1746086054_1746089399,2025-05-01,3c65d6,A20N,2465,0.016883333525,0.47883333364999997,0.6727906092020398,5.482062660935828,ok
DLH5H_3c65c3_1746172945_1746176635,2025-05-02,3c65c3,A20N,2797,0.01684999863333333,0.8545833309499999,1.3936598618855318,2.176204039248857,ok
DLH5H_3c6541_1746258649_1746262629,2025-05-03,3c6541,A20N,3245,0.016799998283333333,0.7071666638166667,1.0213013431137186,2.305827181706584,ok
DLH5H_3c65cd_1746345613_1746349192,2025-05-04,3c65cd,A20N,2879,0.016808333,1.00694999695,0.6447584057346676,3.3013890080798456,ok
DLH5H_3c65c6_1746431569_1746435119,2025-05-05,3c65c6,A20N,2591,0.016916668416666666,0.5200666666166667,0.6269860367847626,5.209026058704699,ok
DLH5H_3c65c9_1746603466_1746607198,2025-05-07,3c65c9,A20N,2730,0.016899998983333334,0.5712166667,0.6531573358876368,5.149063650922174,ok
DLH5H_3c6541_1746690764_1746694579,2025-05-08,3c6541,A20N,2863,0.017033334566666666,0.35391666888333334,0.5786547721955733,2.714613220146375,ok
DLH5H_3c6541_1746777635_1746781469,2025-05-09,3c6541,A20N,3021,0.016866666074999998,0.5132000009166666,0.7119563908895011,6.72494199260221,ok
DLH5H_3c65c1_1746863131_1746866808,2025-05-10,3c65c1,A20N,2341,0.01715833346666667,0.39759999911666666,0.5912115517928633,2.6792433714775976,ok
DLH5H_3c6542_1746949762_1746953270,2025-05-11,3c6542,A20N,2531,0.016966666775,0.48386666376666665,0.7688687259630523,4.9824094144223965,ok
DLH5H_3c65c3_1747037395_1747041488,2025-05-12,3c65c3,A20N,3255,0.016799998283333333,2.371783332016667,0.5882199950859752,6.965909258987111,ok
DLH5H_3c65d8_1747122437_1747126190,2025-05-13,3c65d8,A20N,2929,0.016833333183333334,0.36333333255,0.5669963330944677,4.9716566267260855,ok
DLH5H_3c65cd_1747209290_1747213279,2025-05-14,3c65cd,A20N,3197,0.016866664099999998,0.909283336,0.6340323477265678,6.206345477387711,ok
DLH5H_3c65c7_1747468069_1747471469,2025-05-17,3c65c7,A20N,2388,0.01690000295,0.4847333312,0.6614785235312638,5.365714365437825,ok
DLH5H_3c65c9_1747554960_1747558896,2025-05-18,3c65c9,A20N,3264,0.016766667366666665,0.29924999874999997,0.5724830668693378,2.3613662785713463,ok
DLH5H_3c65d8_1747728020_1747731563,2025-05-20,3c65d8,A20N,2064,0.0173333327,0.44861666759999996,0.6129361613262251,5.097785538172387,ok
DLH5H_3c6544_1747814134_1747818290,2025-05-21,3c6544,A20N,3031,0.01683333316666667,0.4825166662666666,0.7058639566833033,2.0991287838636565,ok
DLH5H_3c65ce_1747900802_1747904359,2025-05-22,3c65ce,A20N,3468,0.016699997583333334,0.06843333641666667,0.7667184911377029,2.0489121692394883,ok
DLH5H_3c6544_1747986303_1747990270,2025-05-23,3c6544,A20N,3163,0.016749997933333333,1.0473333319,1.278928737941987,2.292579182990813,ok
DLH5H_3c65c7_1748073630_1748077529,2025-05-24,3c65c7,A20N,3748,0.01670000155,0.10171666543333333,1.269617014040548,2.095093311660326,ok
DLH5H_3c65ce_1748160244_1748164011,2025-05-25,3c65ce,A20N,3618,0.016733332466666664,0.10211666823333333,0.6526212750629791,2.3134674949541116,ok
DLH5H_3c6544_1748246235_1748250096,2025-05-26,3c6544,A20N,3682,0.016699997583333334,0.11573333343333332,1.2071922670706365,2.1793134872472835,ok
DLH5H_3c65c7_1748331800_1748335647,2025-05-27,3c65c7,A20N,3754,0.016699997583333334,0.08646666606666667,0.9510738284787119,2.1436150647888983,ok
DLH5H_3c65c6_1748419205_1748423007,2025-05-28,3c65c6,A20N,3646,0.01671666701666667,0.09183333318333334,0.98942819206286,1.982737767971031,ok
DLH5H_3c65c9_1748504601_1748508329,2025-05-29,3c65c9,A20N,3608,0.01671666701666667,0.11956666706666666,0.9010681208523881,2.1512293879444533,ok
DLH5H_3c65cd_1748591071_1748594889,2025-05-30,3c65cd,A20N,3709,0.016683332133333333,0.13090000151666667,1.1676758063268489,2.2906726399524833,ok
DLH5H_3c65c9_1748677230_1748681318,2025-05-31,3c65c9,A20N,3911,0.01671666701666667,0.10321666796666666,1.0832847716534093,2.28554881205135,ok
DLH5H_3c65d8_1748765377_1748769232,2025-06-01,3c65d8,A20N,3784,0.016683332116666668,0.10993333656666666,0.9362831629302206,2.1438761327819025,ok
DLH5H_3c65d6_1748851140_1748854819,2025-06-02,3c65d6,A20N,3561,0.01671666701666667,0.08656666676666666,1.2330290246173714,1.9864894683347474,ok
DLH5H_3c65d6_1748937212_1748941059,2025-06-03,3c65d6,A20N,3723,0.016683332133333333,0.11788333256666667,1.039419634737893,2.2107880902307278,ok
DLH5H_3c65c5_1749023636_1749027598,2025-06-04,3c65c5,A20N,3806,0.016716663033333336,0.09096666573333333,1.003147794582615,2.117707779829209,ok
DLH5H_3c6541_1749109883_1749114029,2025-06-05,3c6541,A20N,3990,0.0166833361,0.13819999695000001,0.85266549617033,2.1389521585555253,ok
DLH5H_3c65d8_1749195935_1749200055,2025-06-06,3c65d8,A20N,3959,0.01670000155,0.13136667013333334,0.8487289881796704,2.161243504732251,ok
DLH5H_3c65d8_1749282294_1749285975,2025-06-07,3c65d8,A20N,3545,0.016699997591666668,0.08751666943333333,1.0589853521692867,2.1979292924639933,ok
DLH5H_3c65c5_1749368953_1749373000,2025-06-08,3c65c5,A20N,3874,0.01670000155,0.08076666595,0.6092779706710817,2.257814442966957,ok
DLH5H_3c65c6_1749455975_1749459629,2025-06-09,3c65c6,A20N,3530,0.016699997583333334,0.10441666841666668,0.9942972931364171,2.1482802515185875,ok
DLH5H_3c65d6_1749541869_1749546255,2025-06-10,3c65d6,A20N,4209,0.016683332133333333,0.11308333476666667,0.8946542510257438,2.1247504742669925,ok
DLH5H_3c65c7_1749627767_1749631143,2025-06-11,3c65c7,A20N,3192,0.016749997933333333,0.14426666498333332,0.6167211579414013,2.91774254023039,ok
DLH5H_3c65c6_1749714973_1749718372,2025-06-12,3c65c6,A20N,3224,0.01670000155,0.19749999841666668,0.6635762999106821,5.066340347736857,ok
DLH5H_3c65cd_1749801289_1749804808,2025-06-13,3c65cd,A20N,3315,0.01671666701666667,0.11859999895,1.273730254983914,5.05577949803814,ok
DLH5H_3c65ca_1749887175_1749891325,2025-06-14,3c65ca,A20N,4076,0.01670000155,0.06964999835,1.105457766614184,2.237990107542525,ok
DLH5H_3c65d9_1749974406_1749978537,2025-06-15,3c65d9,A20N,3985,0.0166833361,0.09775000015,1.1256233261673196,2.2669471355057653,ok
DLH5H_3c65d6_1750061433_1750065509,2025-06-16,3c65d6,A20N,3878,0.01670000155,0.11273333231666666,1.0070339840917393,2.1892464542781185,ok
DLH5H_3c65d6_1750146810_1750150308,2025-06-17,3c65d6,A20N,3281,0.016733332483333332,0.3137166659,0.9273011894802276,5.1083582939639625,ok
DLH5H_3c65ca_1750234369_1750238137,2025-06-18,3c65ca,A20N,3682,0.01671666701666667,0.10964999993333334,1.0818122703613244,1.8656196385338846,ok
DLH5H_3c65d6_1750319179_1750322696,2025-06-19,3c65d6,A20N,3258,0.016699997583333334,0.17731666564999998,0.9510718697075706,5.097785538172387,ok
DLH5H_3c65c3_1750408940_1750412155,2025-06-20,3c65c3,A20N,3006,0.01671666701666667,0.18168333371666667,0.6408764349277606,5.0400664079811985,ok
DLH5H_3c65c1_1750492448_1750495906,2025-06-21,3c65c1,A20N,3222,0.016733336433333336,0.11365000011666666,0.5794677095305975,5.0199204484857045,ok
DLH5H_3c6544_1750579032_1750583008,2025-06-22,3c6544,A20N,3890,0.016666666666666666,0.05856666565,1.5855554294354535,2.041332282124622,ok
DLH5H_3c6544_1750665249_1750668889,2025-06-23,3c6544,A20N,3492,0.01670000155,0.16851666768333334,0.9799761841004809,2.1660538628297545,ok
DLH5H_3c65c1_1750751626_1750755463,2025-06-24,3c65c1,A20N,3662,0.01670000155,0.10728333393333332,0.9615605697925407,2.36566870354807,ok
DLH5H_3c65ca_1750837789_1750841633,2025-06-25,3c65ca,A20N,3734,0.016683332116666668,0.08590000073333333,1.2236865323724972,2.0693574070079563,ok
DLH5H_3c65c1_1750923975_1750928098,2025-06-26,3c65c1,A20N,3949,0.01670000155,0.11176666816666667,1.1746298610119947,1.7869051659569846,ok
DLH5H_3c65c7_1751010910_1751014958,2025-06-27,3c65c7,A20N,3945,0.01670000155,0.17580000161666665,1.2983406683686058,2.1913262720082476,ok
DLH5H_3c65ca_1751099589_1751103144,2025-06-28,3c65ca,A20N,3461,0.016700001566666667,0.08498333295,1.2369538454593803,2.0319206672873205,ok
DLH5H_3c65d6_1751184210_1751187759,2025-06-29,3c65d6,A20N,3483,0.0166833361,0.05868333578333333,0.9882242348780764,2.196163482756415,ok
DLH5H_3c65d6_1751269991_1751273989,2025-06-30,3c65d6,A20N,3713,0.016750001916666667,0.18343333403333334,0.5726608252519881,5.14404718795422,ok
DLH5H_3c65d6_1751355792_1751359336,2025-07-01,3c65d6,A20N,3357,0.01671666701666667,0.12139999866666668,1.2244854897829307,5.192550886265371,ok
DLH5H_3c6542_1751442986_1751447030,2025-07-02,3c6542,A20N,3876,0.01671666701666667,0.13108333348333334,0.9230797782577139,2.218363720524142,ok
DLH5H_3c6544_1751529774_1751533439,2025-07-03,3c6544,A20N,3570,0.0166833361,0.0763166666,1.0601490963128808,2.151629706885826,ok
DLH5H_3c65ca_1751615409_1751618739,2025-07-04,3c65ca,A20N,3099,0.016758332641666665,0.17478333315,1.0005121791900753,5.17079909360172,ok
DLH5H_3c65d6_1751702327_1751706146,2025-07-05,3c65d6,A20N,3573,0.01671666701666667,0.30421666701666666,1.1947619732336094,2.12476535105464,ok
DLH5H_3c6542_1751788141_1751792097,2025-07-06,3c6542,A20N,3874,0.016683332133333333,0.07170000074999999,1.1019478906547888,2.1368630027697573,ok
DLH5H_3c65c2_1751874877_1751879026,2025-07-07,3c65c2,A20N,3840,0.016766667366666665,0.19223333199999998,1.031776747446927,2.0534681195571256,ok
DLH5H_3c65c3_1751961240_1751965304,2025-07-08,3c65c3,A20N,3827,0.01671666701666667,0.10348333518333333,1.192551453126348,2.315449675880525,ok
DLH5H_3c65d6_1752046764_1752050770,2025-07-09,3c65d6,A20N,3894,0.0166833361,0.06283333301666666,1.0097843830891813,2.1769901561865064,ok
DLH5H_3c65c5_1752133094_1752136924,2025-07-10,3c65c5,A20N,3681,0.016683332133333333,0.12803333203333334,1.2987753844500471,2.141141394867682,ok
DLH5H_3c65cd_1752219996_1752223295,2025-07-11,3c65cd,A20N,3078,0.01671666701666667,0.2440500021,0.633241968183441,5.046887638940538,ok
DLH5H_3c65c2_1752305974_1752309934,2025-07-12,3c65c2,A20N,3847,0.01671666701666667,0.08498333295,0.5944101006700521,2.149022736505327,ok
DLH5H_3c6544_1752396280_1752399981,2025-07-13,3c6544,A20N,3603,0.016683332141666667,0.07031666835,0.6432645373177066,2.0625885797343835,ok
DLH5H_3c65c6_1752479402_1752483076,2025-07-14,3c65c6,A20N,3549,0.01670000155,0.08456666866666666,1.1230498030085718,2.205863496097905,ok
DLH5H_3c65d9_1752566280_1752569950,2025-07-15,3c65d9,A20N,3545,0.01671666701666667,0.1299333334,0.9323179040067874,1.9900091854897433,ok
DLH5H_3c6544_1752653133_1752656888,2025-07-16,3c6544,A20N,3605,0.01671666304166667,0.11535000006666667,1.0245417084981652,2.1772102805405598,ok
DLH5H_3c65c1_1752738512_1752742289,2025-07-17,3c65c1,A20N,3642,0.01671666701666667,0.09266666968333334,0.8953718052494107,2.205863496097905,ok
DLH5H_3c65ca_1752825570_1752829388,2025-07-18,3c65ca,A20N,3680,0.016699997583333334,0.09546666541666667,1.1486616030862438,2.2415212514826646,ok
DLH5H_3c65c9_1752914590_1752917963,2025-07-19,3c65c9,A20N,3184,0.01673333645,0.20690000058333335,1.0289689973999512,5.0241221084140095,ok
DLH5H_3c65c7_1752997323_1753001181,2025-07-20,3c65c7,A20N,3742,0.016699997583333334,0.15456666945,0.5960008104589415,2.929119206375026,ok
DLH5H_3c6541_1753085051_1753088991,2025-07-21,3c6541,A20N,3815,0.016691666833333334,0.1151333332,0.6064252752896572,3.0834755354751855,ok
DLH5H_3c65c3_1753170810_1753174718,2025-07-22,3c65c3,A20N,3715,0.016733332466666664,0.09836666583333334,1.2750450445103776,1.1239825551395513,ok
DLH5H_3c6544_1753259874_1753263680,2025-07-23,3c6544,A20N,3723,0.016699997583333334,0.08494999806666666,1.384217009884482,2.163684989908619,ok
DLH5H_3c65d9_1753343611_1753347657,2025-07-24,3c65d9,A20N,3942,0.01671666701666667,0.07139999865,1.2187343866290954,2.5769038185986637,ok
DLH5H_3c65c7_1753429863_1753433907,2025-07-25,3c65c7,A20N,3920,0.01670000155,0.08820000093333333,1.2524684935608523,2.230425273587932,ok
DLH5H_3c65d9_1753515762_1753519468,2025-07-26,3c65d9,A20N,3336,0.0167500019,0.23421666621666667,1.0010246153382765,0.960423595111636,ok
DLH5H_3c65c3_1753604136_1753607976,2025-07-27,3c65c3,A20N,3714,0.016683336083333333,0.0857833306,1.185317396899521,3.132985165373017,ok
DLH5H_3c65ce_1753689223_1753692827,2025-07-28,3c65ce,A20N,3434,0.01671666701666667,0.10081666310000001,1.0386705247718127,2.894800549144923,ok
DLH5H_3c6542_1753775116_1753779084,2025-07-29,3c6542,A20N,3819,0.016700001566666667,0.18653333186666668,0.9210596969003917,2.2778577629373826,ok
DLH5H_3c6541_1753862828_1753866596,2025-07-30,3c6541,A20N,3524,0.016733332483333332,0.15031666754999998,0.6332776350359992,2.9333137774606035,ok
DLH5H_3c65c7_1754034810_1754038732,2025-08-01,3c65c7,A20N,3745,0.016733332466666664,0.22730000018333335,0.9749018752782495,3.0456151002359215,ok
DLH5H_3c65d9_1754121910_1754125547,2025-08-02,3c65d9,A20N,3461,0.01670000155,0.14803333281666667,0.941538250935142,0.7157210412529779,ok
DLH5H_3c65cd_1754206502_1754210245,2025-08-03,3c65cd,A20N,3603,0.016699997583333334,0.11155000131666666,1.1994026313469177,2.2332682676859696,ok
DLH5H_3c65c9_1754294143_1754298177,2025-08-04,3c65c9,A20N,3935,0.016700001566666667,0.13564999898333333,1.4606642728102335,3.06904315701047,ok
DLH5H_3c65c5_1754381281_1754384962,2025-08-05,3c65c5,A20N,3521,0.016716665033333335,0.11871666510000001,1.0825184028741721,2.696317802565943,ok
DLH5H_3c65d8_1754466395_1754470271,2025-08-06,3c65d8,A20N,3749,0.016733332466666664,0.14639999866666667,1.0551400234436688,3.177805546658748,ok
DLH5H_3c65d6_1754555301_1754558899,2025-08-07,3c65d6,A20N,3525,0.016666666666666666,0.11336666743333333,1.3477464986399013,2.4689755478207065,ok
DLH5H_3c65c6_1754639288_1754643007,2025-08-08,3c65c6,A20N,3631,0.01670000155,0.08143333196666667,1.2755547868226427,2.9135876131618934,ok
DLH5H_3c6544_1754726995_1754730597,2025-08-09,3c6544,A20N,3469,0.016716665033333335,0.10338333050000001,1.0961886265742236,0.8384430575886073,ok
DLH5H_3c65d8_1754811652_1754815028,2025-08-10,3c65d8,A20N,3179,0.016749997933333333,0.26343333323333334,1.149613715140185,3.330204783945048,ok
DLH5H_3c65ce_1754898874_1754902379,2025-08-11,3c65ce,A20N,3288,0.01671666701666667,0.205916663,0.6440773447015817,3.6016138537332045,ok
DLH5H_3c65d8_1754984874_1754988371,2025-08-12,3c65d8,A20N,3288,0.016733332483333332,0.11011666456666667,0.6700934105177596,3.5295223156215307,ok
DLH5H_3c65c9_1755072093_1755076048,2025-08-13,3c65c9,A20N,3851,0.01670000155,0.19974999825,1.0272918673557112,1.2072616818178667,ok
DLH5H_3c65c5_1755157235_1755160828,2025-08-14,3c65c5,A20N,3332,0.016749997933333333,0.2699166695333333,0.6729308814922699,3.676400960691456,ok
DLH5H_3c65c3_1755244050_1755247583,2025-08-15,3c65c3,A20N,3368,0.016733332483333332,0.11126666466666667,1.056737734012394,3.3072759567787244,ok
DLH5H_3c65ca_1755417684_1755420959,2025-08-17,3c65ca,A20N,3057,0.0167500019,0.18548333248333335,0.7290912292182402,5.117024000291118,ok
DLH5H_3c65cd_1755505924_1755509270,2025-08-18,3c65cd,A20N,3109,0.016749997933333333,0.15541666746666666,0.6075181460008517,2.39253004971665,ok
DLH5H_3c65c5_1755589994_1755593500,2025-08-19,3c65c5,A20N,3236,0.016733332483333332,0.17273333470000002,0.579935841423247,3.847640716198946,ok
DLH5H_3c65cd_1755676891_1755680600,2025-08-20,3c65cd,A20N,3460,0.016733332483333332,0.19166666668333335,0.5665628243564642,3.6064415256387945,ok
DLH5H_3c65c1_1755762559_1755765985,2025-08-21,3c65c1,A20N,3168,0.016733332483333332,0.21329999765000002,0.5828317577819543,3.6966233540046107,ok
DLH5H_3c6541_1755848714_1755852323,2025-08-22,3c6541,A20N,3336,0.016749997933333333,0.25619999965,1.031776747446927,3.5515079210395193,ok
DLH5H_3c65c7_1755936216_1755939956,2025-08-23,3c65c7,A20N,3634,0.016733332483333332,0.06064999896666667,1.4094373624295808,2.6526861849376875,ok
DLH5H_3c65c6_1756021996_1756025227,2025-08-24,3c65c6,A20N,3004,0.016750001916666667,0.14150000015,0.5845624062878143,3.5866141344581197,ok
DLH5H_3c65d8_1756110780_1756114339,2025-08-25,3c65d8,A20N,3486,0.016683332133333333,0.12171666623333333,0.5884790344665684,1.4771416447241894,ok
DLH5H_3c6541_1756194553_1756198284,2025-08-26,3c6541,A20N,3594,0.01671666701666667,0.09884999991666667,0.661815522721406,3.0073264061431297,ok
DLH5H_3c65d9_1756281240_1756284887,2025-08-27,3c65d9,A20N,3477,0.01671666701666667,0.10881666738333333,0.6526212750629791,2.8657752985574376,ok
DLH5H_3c65c6_1756367276_1756371645,2025-08-28,3c65c6,A20N,4165,0.016733332474999998,0.1034166654,0.6121871020369738,2.9930062398632398,ok
DLH5H_3c65cd_1756453811_1756457993,2025-08-29,3c65cd,A20N,4009,0.016700001566666667,0.12296666701666667,0.7879926177128189,3.10302045822499,ok
DLH5H_3c65c1_1756540609_1756544690,2025-08-30,3c65c1,A20N,3892,0.01671666701666667,0.09343333245,0.6204167939584143,0.7719924009376483,ok
DLH5H_3c65d8_1756625804_1756629615,2025-08-31,3c65d8,A20N,3632,0.01671666701666667,0.11536666551666667,1.2554878511536227,3.117491702281304,ok
DLH5H_3c65c1_1756713397_1756717418,2025-09-01,3c65c1,A20N,3861,0.01671666701666667,0.08291666506666666,1.2364570974727174,2.606957657018419,ok
DLH5H_3c6542_1756799153_1756803249,2025-09-02,3c6542,A20N,4006,0.016700001566666667,0.08043333293333334,0.9615605697925913,2.6629822966579426,ok
DLH5H_3c65ce_1756887100_1756890959,2025-09-03,3c65ce,A20N,3658,0.01671666701666667,0.3775999983166667,1.0061237535571341,2.617175549181049,ok
DLH5H_3c65cd_1756973078_1756977084,2025-09-04,3c65cd,A20N,3858,0.016683332133333333,0.10709999798333333,0.9532828778957505,2.5714533531440456,ok
DLH5H_3c65d9_1757058017_1757062109,2025-09-05,3c65d9,A20N,3904,0.016733332466666664,0.10581666628333333,1.1424800071936547,2.3772803245337863,ok
DLH5H_3c65c1_1757145873_1757149134,2025-09-06,3c65c1,A20N,2967,0.016766667366666665,0.24861666758333334,0.581149088819773,1.0528602455941154,ok
DLH5H_3c65d8_1757231988_1757235397,2025-09-07,3c65d8,A20N,3166,0.016733332483333332,0.18096666733333333,0.6402496956535708,3.5220672915688054,ok
DLH5H_3c65c6_1757317398_1757320909,2025-09-08,3c65c6,A20N,3269,0.016733334466666666,0.17453333140000002,1.2377990659455207,3.6315957754274955,ok
DLH5H_3c6544_1757404594_1757408832,2025-09-09,3c6544,A20N,3615,0.01684999863333333,0.20316666365,1.1251755993673442,3.713889696304895,ok
DLH5H_3c65d8_1757491394_1757495667,2025-09-10,3c65d8,A20N,3635,0.01684999863333333,0.20615000326666666,0.5825863747417301,3.781820501712953,ok
DLH5H_3c65d6_1757576613_1757580704,2025-09-11,3c65d6,A20N,3948,0.016716667,0.08908333381666668,1.3312925346539806,2.7856272248933354,ok
DLH5H_3c65d6_1757663156_1757667077,2025-09-12,3c65d6,A20N,3807,0.016700001566666667,0.11531666915000001,0.9405060084420764,2.907523843035845,ok
DLH5H_3c65c3_1757750592_1757754576,2025-09-13,3c65c3,A20N,3912,0.01670000155,0.07846666971666667,0.9479914005099496,0.6050096534118555,ok
DLH5H_3c65cd_1757836038_1757839669,2025-09-14,3c65cd,A20N,3533,0.01671666701666667,0.1220666647,0.8452772769915269,2.946065708204215,ok
DLH5H_3c65d8_1757922949_1757927137,2025-09-15,3c65d8,A20N,4074,0.016716667,0.08783333301666667,1.1428102402995437,2.885290089881516,ok
DLH5H_3c65d6_1758008442_1758012177,2025-09-16,3c65d6,A20N,3611,0.016699997591666668,0.11123332978333332,0.9319823715615098,2.7061990065299115,ok
DLH5H_3c65c3_1758096332_1758099863,2025-09-17,3c65c3,A20N,3378,0.016700001566666667,0.12606666485,1.1675426813943193,2.981480846680974,ok
DLH5H_3c6544_1758181809_1758185539,2025-09-18,3c6544,A20N,3562,0.01671666701666667,0.10760000148333333,0.9485613239898908,3.0944009671025,ok
DLH5H_3c65ca_1758268072_1758271918,2025-09-19,3c65ca,A20N,3695,0.016683332125,0.11083333095,1.2035191579350695,2.9479281626114737,ok
DLH5H_3c65c7_1758361804_1758365738,2025-09-20,3c65c7,A20N,3816,0.01670000155,0.07330000003333333,0.9147907215121541,1.9576748169567424,ok
DLH5H_3c65c3_1758441360_1758445424,2025-09-21,3c65c3,A20N,3946,0.0166833361,0.11880000035,1.2402408237376918,3.3531646544919864,ok
DLH5H_3c65d8_1758529998_1758533415,2025-09-22,3c65d8,A20N,3102,0.016799998283333333,0.21134999991666667,0.6520689290461065,1.1399705464085321,ok
DLH5H_3c65c7_1758614204_1758618088,2025-09-23,3c65c7,A20N,3561,0.016799998275,0.1658166647,0.5859715852372416,3.771829513970536,ok
DLH5H_3c65c6_1758700669_1758704465,2025-09-24,3c65c6,A20N,3426,0.016799998283333333,0.24348333279999998,0.5913575492168064,3.721654002096281,ok
DLH5H_3c65d8_1758786085_1758789749,2025-09-25,3c65d8,A20N,3387,0.016766667366666665,0.16268333593333334,0.5671474056062665,4.825311688101877,ok
DLH5H_3c65ce_1758873243_1758877165,2025-09-26,3c65ce,A20N,3480,0.016816667716666667,0.21409999926666667,0.6853292365366489,0.5416473949362931,ok
DLH5H_3c65c6_1758960895_1758964783,2025-09-27,3c65c6,A20N,3721,0.01670000155,0.11090000073333334,0.6406380057767653,3.0115045807748926,ok
DLH5H_3c65c5_1759133425_1759137028,2025-09-29,3c65c5,A20N,3307,0.016766667366666665,0.14326666593333334,1.4037273913489,3.6668708085751787,ok
DLH5H_3c65ca_1759218060_1759221867,2025-09-30,3c65ca,A20N,3415,0.0167500019,0.6346833348166666,1.015442202825033,0.5460702872650708,ok
DLH5H_3c65c2_1759305213_1759309159,2025-10-01,3c65c2,A20N,3647,0.0167500019,0.11133333445,1.1256233261673196,3.832459722304874,ok
DLH5H_3c65ca_1759393534_1759397487,2025-10-02,3c65ca,A20N,3327,0.016800002258333335,0.5383500019666666,0.8873801532536648,0.5590489910700981,ok
DLH5H_3c65c6_1759478160_1759481567,2025-10-03,3c65c6,A20N,3146,0.016733332466666664,0.19811666806666667,1.0912763985983445,4.014837540214228,ok
DLH5H_3c65ca_1759564730_1759568126,2025-10-04,3c65ca,A20N,3289,0.016700001558333333,0.08249999681666667,0.9615605697925913,2.7426031589323316,ok
DLH5H_3c65c5_1759650151_1759653959,2025-10-05,3c65c5,A20N,3605,0.01671666701666667,0.10168333451666665,1.1140306311946981,1.3397798502324216,ok
DLH5H_3c65cd_1759737314_1759740950,2025-10-06,3c65cd,A20N,3526,0.016683332133333333,0.08008333046666666,0.876239255226078,1.9126478327473055,ok
DLH5H_3c65d6_1759822446_1759826469,2025-10-07,3c65d6,A20N,3851,0.01673333645,0.08724999824999999,0.6179773916899575,3.108429639797508,ok
DLH5H_3c65c5_1759908444_1759912626,2025-10-08,3c65c5,A20N,3901,0.01671666701666667,0.15559999943333333,1.0672588005251564,0.7105329991494337,ok
DLH5H_3c65d9_1759995787_1759999973,2025-10-09,3c65d9,A20N,4010,0.016700001566666667,0.16518333356666667,0.7526787271587161,0.9399481926241583,ok
DLH5H_3c65d8_1760081739_1760085443,2025-10-10,3c65d8,A20N,3582,0.01671666701666667,0.09591666856666667,1.1586474061463579,2.651369495768324,ok
DLH5H_3c65cd_1760168900_1760173401,2025-10-11,3c65cd,A20N,3957,0.01671666701666667,0.39076666833333334,0.6355249006572993,0.4287250204228717,ok
DLH5H_3c65ca_1760255341_1760259027,2025-10-12,3c65ca,A20N,3216,0.016783332816666666,0.24846666653333335,0.6557137069831671,0.5420670629040859,ok
DLH5H_3c65cd_1760341044_1760344828,2025-10-13,3c65cd,A20N,3309,0.016766667366666665,0.2475333333,0.6596564418962994,3.4434501484221784,ok
DLH5H_3c65c2_1760428190_1760431812,2025-10-14,3c65c2,A20N,3192,0.016766667366666665,0.2387500008,0.5731843235225929,3.412945342939415,ok
DLH5H_3c65ca_1760687132_1760690537,2025-10-17,3c65ca,A20N,3026,0.016783332833333334,0.2985166669,0.6712501582840512,0.5767197996677119,ok
DLH5H_3c6542_1760773075_1760776573,2025-10-18,3c6542,A20N,3021,0.016791665558333335,0.26038333178333334,0.5725100632509412,2.5052793984739323,ok
DLH5H_3c65c6_1760860746_1760864083,2025-10-19,3c65c6,A20N,3094,0.016783332816666666,0.13475000065,0.6309912794930398,3.4726885310919027,ok
DLH5H_3c65cd_1760946642_1760950851,2025-10-20,3c65cd,A20N,3828,0.01671666701666667,0.22776666878333335,1.0345837007693828,3.03517250889092,ok
DLH5H_3c65c1_1761032970_1761036623,2025-10-21,3c65c1,A20N,3424,0.016749997933333333,0.09501666625,1.2158088208699578,1.9582013083074092,ok
DLH5H_3c65d9_1761118489_1761122367,2025-10-22,3c65d9,A20N,3771,0.016683332133333333,0.07938333351666667,1.2766408858498879,2.996177563262463,ok
DLH5H_3c6542_1761205953_1761210017,2025-10-23,3c6542,A20N,3901,0.016699997583333334,0.16126666865,1.0861660871250518,0.719874099644908,ok
DLH5H_3c65d9_1761292080_1761295877,2025-10-24,3c65d9,A20N,3673,0.01671666701666667,0.09395000140000001,0.8756377872064521,2.981480846680974,ok
DLH5H_3c65c3_1761378556_1761382199,2025-10-25,3c65c3,A20N,3578,0.01671666305,0.17911666631666667,1.0060317216856123,2.92392046117788,ok
DLH5H_3c65c3_1761468720_1761472829,2025-10-26,3c65c3,A20N,4046,0.016666666666666666,0.0933499972,0.9891757600975843,0.42555075423398253,ok
DLH5H_3c65c1_1761554821_1761558792,2025-10-27,3c65c1,A20N,3743,0.01671666701666667,0.3524666667,0.9259067209387792,3.0022475836675713,ok
DLH5H_3c65c1_1761641765_1761645627,2025-10-28,3c65c1,A20N,3767,0.016691666841666668,0.12561666568333335,0.984418650899404,0.9356154964764912,ok
DLH5H_3c65cd_1761727962_1761731748,2025-10-29,3c65cd,A20N,3691,0.016683332116666668,0.08679999908333333,1.2938721190663869,1.4431954366311663,ok
DLH5H_3c65d6_1761814579_1761818429,2025-10-30,3c65d6,A20N,3742,0.0166833361,0.10140000183333334,1.051051376200699,2.595852004722386,ok
DLH5H_3c65ca_1761899963_1761903868,2025-10-31,3c65ca,A20N,3790,0.01670000155,0.15128333568333333,0.9532064852566264,2.6083449853769833,ok
DLH5H_3c65da_1761987660_1761991337,2025-11-01,3c65da,A20N,3570,0.01670000155,0.13458333014999999,0.8895996481282126,2.678726103953878,ok
DLH5H_3c65c6_1762075381_1762078933,2025-11-02,3c65c6,A20N,3502,0.016699997600000002,0.07958333095,0.9867933624966511,3.0447265994938677,ok
DLH5H_3c65c3_1762160022_1762164078,2025-11-03,3c65c3,A20N,3956,0.01671666701666667,0.08525000016666667,0.6755161805365962,0.6376973358259399,ok
DLH5H_3c65c6_1762245741_1762249778,2025-11-04,3c65c6,A20N,3967,0.016666666666666666,0.12900000015,1.0878429635022595,0.9752072838768808,ok
DLH5H_3c65da_1762332151_1762336042,2025-11-05,3c65da,A20N,3782,0.01671666701666667,0.07551666496666667,0.5880016744214391,0.6585460949438805,ok
DLH5H_3c6543_1762418764_1762422657,2025-11-06,3c6543,A20N,3635,0.016749999916666668,0.15778333346666665,0.5949739890381511,3.555440220590352,ok
DLH5H_3c65cd_1762506632_1762510510,2025-11-07,3c65cd,A20N,3771,0.016666666666666666,0.07413333256666667,0.6045281879333884,3.05462960242961,ok
DLH5H_3c65c5_1762590796_1762594719,2025-11-08,3c65c5,A20N,3877,0.016699997583333334,0.9000333309166667,1.0779307153514257,3.064805210206351,ok
DLH5H_3c65ca_1762680769_1762684469,2025-11-09,3c65ca,A20N,3658,0.016683332133333333,0.04946666955,0.9600261034450664,2.955238369459856,ok
DLH5H_3c65c2_1762764225_1762768460,2025-11-10,3c65c2,A20N,4124,0.016683332133333333,0.09018333355,1.1823669822098086,3.3046465082237275,ok
DLH5H_3c65c7_1762850906_1762854852,2025-11-11,3c65c7,A20N,3782,0.01671666701666667,0.17653333346666666,0.9584348161623623,0.8699392815238803,ok
DLH5H_3c65cd_1762936940_1762941191,2025-11-12,3c65cd,A20N,4199,0.016683332133333333,0.07515000105,0.9920826683075727,2.9531322363692025,ok
DLH5H_3c65c6_1763023066_1763026807,2025-11-13,3c65c6,A20N,3650,0.016699997583333334,0.07478333313333334,0.9383301614323697,2.5681735694217043,ok
DLH5H_3c65c5_1763110422_1763114361,2025-11-14,3c65c5,A20N,3856,0.016733332483333332,0.06325000126666666,0.5859213596593659,2.799963854535465,ok
DLH5H_3c65c2_1763195889_1763199688,2025-11-15,3c65c2,A20N,3731,0.016691666841666668,0.0514500022,0.6057968563982347,2.96949907204406,ok
DLH5H_3c65c5_1763282160_1763286072,2025-11-16,3c65c5,A20N,3836,0.016666666666666666,0.08163333336666666,0.7596870497440025,0.801140394239387,ok
DLH5H_3c65d6_1763369710_1763373697,2025-11-17,3c65d6,A20N,3914,0.016666666666666666,0.067900002,0.9774012769974607,2.996177563262463,ok
DLH5H_3c6542_1763456730_1763460536,2025-11-18,3c6542,A20N,3619,0.01671666701666667,0.1472666661,1.0660543441244645,1.3186762211276617,ok
DLH5H_3c6542_1763541803_1763545853,2025-11-19,3c6542,A20N,3887,0.01671666701666667,0.09170000155000001,1.1303868720642958,0.7389660661137534,ok
DLH5H_3c65cd_1763627861_1763632002,2025-11-20,3c65cd,A20N,4012,0.01671666701666667,0.18179999986666667,0.6904824741751115,0.8356700603352101,ok
DLH5H_3c65d6_1763715671_1763719349,2025-11-21,3c65d6,A20N,3455,0.016733332474999998,0.12569999695,0.7131691710837976,1.7709786538398438,ok
DLH5H_3c65d9_1763801022_1763805267,2025-11-22,3c65d9,A20N,4155,0.016683332116666668,0.08041666744999999,0.776777467424454,2.250233232683695,ok
DLH5H_3c65c9_1763887540_1763891416,2025-11-23,3c65c9,A20N,3775,0.01670000155,0.07948333025,0.8645613147350739,3.064747211943175,ok
DLH5H_3c65da_1763973558_1763977512,2025-11-24,3c65da,A20N,3823,0.01671666701666667,0.0985833327,0.9452704210308593,2.9318450671500034,ok
DLH5H_3c65da_1764060351_1764064948,2025-11-25,3c65da,A20N,3935,0.0167500019,0.9678999980333334,0.9509103497006893,0.3372324294523569,ok
DLH5H_3c65ca_1764147073_1764150869,2025-11-26,3c65ca,A20N,3575,0.01671666701666667,0.14804999828333332,0.9157323412527356,1.2225682145227594,ok
DLH5H_3c65d9_1764233622_1764237567,2025-11-27,3c65d9,A20N,3764,0.01671666701666667,0.09270000061666667,1.0849606447304967,3.0499498351517835,ok
DLH5H_3c65ca_1764321102_1764324826,2025-11-28,3c65ca,A20N,3618,0.016699997583333334,0.11501666308333333,0.9508924989484964,2.96949907204406,ok
DLH5H_3c6543_1764406264_1764410325,2025-11-29,3c6543,A20N,4004,0.01670000155,0.05980000098333334,1.037099727346561,2.9573584188319155,ok
DLH5H_3c65c3_1764493175_1764497093,2025-11-30,3c65c3,A20N,3851,0.016683332133333333,0.07026666405,1.0455961318832037,2.9971690445605046,ok
DLH5H_3c65d9_1764579740_1764583780,2025-12-01,3c65d9,A20N,3927,0.016700001558333333,0.08223333358333333,1.0172981725798342,3.0108954771746417,ok
DLH5H_3c65c1_1764666390_1764670259,2025-12-02,3c65c1,A20N,3816,0.016699997600000002,0.06593333483333333,1.1946008406293342,1.546805608119874,ok
DLH5H_3c6542_1764752204_1764756206,2025-12-03,3c6542,A20N,3709,0.016766663391666665,0.21923333406666667,1.0450584430815386,0.554148949341418,ok
DLH5H_3c65d9_1764838059_1764841688,2025-12-04,3c65d9,A20N,3445,0.016683334108333333,0.08773333231666666,0.665756274038655,2.4396450029769787,ok
DLH5H_3c6543_1764925293_1764929299,2025-12-05,3c6543,A20N,3946,0.016699997583333334,0.16800000269999998,0.9111944557732997,3.0504063475433645,ok
DLH5H_3c65ca_1765010887_1765014851,2025-12-06,3c65ca,A20N,3902,0.016683332133333333,0.07873333295,0.8189206794241866,3.05462960242961,ok
DLH5H_3c65c3_1765097061_1765101019,2025-12-07,3c65c3,A20N,3911,0.016683332116666668,0.08410000005,1.2081686426467029,0.899732098934584,ok
DLH5H_3c65da_1765183760_1765187471,2025-12-08,3c65da,A20N,3625,0.01670000155,0.10044999916666668,1.0140070038074,0.8088241765337673,ok
DLH5H_3c65d6_1765269563_1765273448,2025-12-09,3c65d6,A20N,3689,0.01670000155,0.15471666653333335,0.9486663407675058,2.964427358760334,ok
DLH5H_3c65da_1765443519_1765447757,2025-12-11,3c65da,A20N,4103,0.016683332133333333,0.09468333323333335,1.2558807699900487,3.10302045822499,ok
DLH5H_3c65da_1765530533_1765534229,2025-12-12,3c65da,A20N,3527,0.01671666701666667,0.13331666788333335,0.5993000650697845,3.155910743060993,ok
DLH5H_3c65cd_1765615663_1765620100,2025-12-13,3c65cd,A20N,3914,0.016733332466666664,0.4716500004166667,1.102727758083677,0.34301364919521193,ok
DLH5H_3c6542_1765702156_1765706364,2025-12-14,3c6542,A20N,3837,0.016733332466666664,0.35363333225000004,1.0541275091374342,0.9342171972778867,ok
DLH5H_3c65c1_1765787984_1765792193,2025-12-15,3c65c1,A20N,4119,0.016683332133333333,0.06546666621666666,1.4225927797721547,3.0597172824350896,ok
DLH5H_3c6543_1765875675_1765879096,2025-12-16,3c6543,A20N,3250,0.016700001566666667,0.10481666723333333,1.155283126666412,3.565533684674079,ok
DLH5H_3c65d6_1765967780_1765972008,2025-12-17,3c65d6,A20N,4119,0.016683332133333333,0.08438333273333334,0.7556828373682474,2.9980829387031687,ok
DLH5H_3c65cd_1766049531_1766053583,2025-12-18,3c65cd,A20N,4008,0.016666666666666666,0.06846666733333334,1.2531342583404634,3.2229557478733986,ok
DLH5H_3c65d9_1766134261_1766138248,2025-12-19,3c65d9,A20N,3921,0.016666666666666666,0.08121666511666666,0.9693897617174407,0.6242871009450836,ok
DLH5H_3c65da_1766220452_1766224049,2025-12-20,3c65da,A20N,3452,0.01671666701666667,0.11804999906666666,0.5765105857456068,3.908212459151957,ok
DLH5H_3c65c7_1766307082_1766310760,2025-12-21,3c65c7,A20N,3559,0.016683332133333333,0.12511666615,0.6595952486659518,1.256735036590337,ok
DLH5H_3c65c2_1766393354_1766397535,2025-12-22,3c65c2,A20N,3796,0.016783332833333334,0.42940000296666664,0.6508260110189293,0.5443057057217543,ok
DLH5H_3c65c1_1766479725_1766483455,2025-12-23,3c65c1,A20N,3589,0.01670000155,0.09896666606666667,0.6224416202733382,4.482135684206877,ok
DLH5H_3c65c7_1766565943_1766569882,2025-12-24,3c65c7,A20N,3818,0.01671666701666667,0.1099000017,0.5732903709389218,3.5295223156215307,ok
DLH5H_3c6542_1766825677_1766829586,2025-12-27,3c6542,A20N,3821,0.016699999575,0.13506666818333332,0.8595922681481555,3.524730043302816,ok
DLH5H_3c65d9_1766911864_1766915997,2025-12-28,3c65d9,A20N,3873,0.016733332483333332,0.27755000193333335,0.6034527144472602,0.5740019311332989,ok
DLH5H_3c65d6_1767000184_1767003744,2025-12-29,3c65d6,A20N,3347,0.01671666701666667,0.298483332,0.7878940279197651,1.0810688321514188,ok
DLH5H_3c65da_1767083920_1767087538,2025-12-30,3c65da,A20N,3521,0.01671666701666667,0.12211666503333334,0.8187615670148087,4.262074163064355,ok
DLH5H_3c65da_1767170422_1767174384,2025-12-31,3c65da,A20N,3894,0.016683332133333333,0.13626666466666668,0.7879926177128189,0.8550465564710401,ok