matrix_index,flight_id
0,DLH5H_3c6541_1737967381_1737971212
1,DLH5H_3c6541_1739522614_1739526264
2,DLH5H_3c6541_1741423292_1741426917
3,DLH5H_3c6541_1742201822_1742205711
4,DLH5H_3c6541_1742633059_1742636875
5,DLH5H_3c6541_1742720310_1742724175
6,DLH5H_3c6541_1744616539_1744620658
7,DLH5H_3c6541_1749109883_1749114029
8,DLH5H_3c6541_1753085051_1753088991
9,DLH5H_3c6541_1753862828_1753866596
10,DLH5H_3c6541_1755848714_1755852323
11,DLH5H_3c6541_1756194553_1756198284
12,DLH5H_3c6542_1736241444_1736245161
13,DLH5H_3c6542_1739609606_1739612965
14,DLH5H_3c6542_1740472980_1740476967
15,DLH5H_3c6542_1741941289_1741944888
16,DLH5H_3c6542_1742373337_1742377014
17,DLH5H_3c6542_1743238622_1743242238
18,DLH5H_3c6542_1751442986_1751447030
19,DLH5H_3c6542_1751788141_1751792097
20,DLH5H_3c6542_1756799153_1756803249
21,DLH5H_3c6542_1760773075_1760776573
22,DLH5H_3c6542_1761205953_1761210017
23,DLH5H_3c6542_1763456730_1763460536
24,DLH5H_3c6542_1763541803_1763545853
25,DLH5H_3c6542_1764752204_1764756206
26,DLH5H_3c6542_1765702156_1765706364
27,DLH5H_3c6542_1766825677_1766829586
28,DLH5H_3c6543_1762418764_1762422657
29,DLH5H_3c6543_1764406264_1764410325
30,DLH5H_3c6543_1764925293_1764929299
31,DLH5H_3c6543_1765875675_1765879096
32,DLH5H_3c6544_1736153391_1736157254
33,DLH5H_3c6544_1739695741_1739698919
34,DLH5H_3c6544_1741509720_1741513198
35,DLH5H_3c6544_1743320514_1743324419
36,DLH5H_3c6544_1743839235_1743843086
37,DLH5H_3c6544_1744099074_1744102564
38,DLH5H_3c6544_1748246235_1748250096
39,DLH5H_3c6544_1750579032_1750583008
40,DLH5H_3c6544_1750665249_1750668889
41,DLH5H_3c6544_1751529774_1751533439
42,DLH5H_3c6544_1752396280_1752399981
43,DLH5H_3c6544_1752653133_1752656888
44,DLH5H_3c6544_1753259874_1753263680
45,DLH5H_3c6544_1754726995_1754730597
46,DLH5H_3c6544_1757404594_1757408832
47,DLH5H_3c6544_1758181809_1758185539
48,DLH5H_3c65c1_1736584938_1736588836
49,DLH5H_3c65c1_1738054279_1738058231
50,DLH5H_3c65c1_1739177644_1739181316
51,DLH5H_3c65c1_1740732270_1740736049
52,DLH5H_3c65c1_1741250690_1741254884
53,DLH5H_3c65c1_1745567475_1745571059
54,DLH5H_3c65c1_1750492448_1750495906
55,DLH5H_3c65c1_1750751626_1750755463
56,DLH5H_3c65c1_1750923975_1750928098
57,DLH5H_3c65c1_1752738512_1752742289
58,DLH5H_3c65c1_1755762559_1755765985
59,DLH5H_3c65c1_1756540609_1756544690
60,DLH5H_3c65c1_1756713397_1756717418
61,DLH5H_3c65c1_1757145873_1757149134
62,DLH5H_3c65c1_1761032970_1761036623
63,DLH5H_3c65c1_1761554821_1761558792
64,DLH5H_3c65c1_1761641765_1761645627
65,DLH5H_3c65c1_1764666390_1764670259
66,DLH5H_3c65c1_1765787984_1765792193
67,DLH5H_3c65c1_1766479725_1766483455
68,DLH5H_3c65c2_1738399423_1738403145
69,DLH5H_3c65c2_1741077576_1741081478
70,DLH5H_3c65c2_1741683532_1741687390
71,DLH5H_3c65c2_1742027566_1742031412
72,DLH5H_3c65c2_1751874877_1751879026
73,DLH5H_3c65c2_1752305974_1752309934
74,DLH5H_3c65c2_1759305213_1759309159
75,DLH5H_3c65c2_1762764225_1762768460
76,DLH5H_3c65c2_1763195889_1763199688
77,DLH5H_3c65c2_1766393354_1766397535
78,DLH5H_3c65c3_1750408940_1750412155
79,DLH5H_3c65c3_1751961240_1751965304
80,DLH5H_3c65c3_1753170810_1753174718
81,DLH5H_3c65c3_1753604136_1753607976
82,DLH5H_3c65c3_1755244050_1755247583
83,DLH5H_3c65c3_1757750592_1757754576
84,DLH5H_3c65c3_1758096332_1758099863
85,DLH5H_3c65c3_1758441360_1758445424
86,DLH5H_3c65c3_1761378556_1761382199
87,DLH5H_3c65c3_1761468720_1761472829
88,DLH5H_3c65c3_1762160022_1762164078
89,DLH5H_3c65c3_1764493175_1764497093
90,DLH5H_3c65c3_1765097061_1765101019
91,DLH5H_3c65c5_1738312943_1738317165
92,DLH5H_3c65c5_1739954231_1739957766
93,DLH5H_3c65c5_1742288700_1742292317
94,DLH5H_3c65c5_1743926046_1743929518
95,DLH5H_3c65c5_1744445741_1744449407
96,DLH5H_3c65c5_1749023636_1749027598
97,DLH5H_3c65c5_1749368953_1749373000
98,DLH5H_3c65c5_1752133094_1752136924
99,DLH5H_3c65c5_1754381281_1754384962
100,DLH5H_3c65c5_1755157235_1755160828
101,DLH5H_3c65c5_1755589994_1755593500
102,DLH5H_3c65c5_1759133425_1759137028
103,DLH5H_3c65c5_1759650151_1759653959
104,DLH5H_3c65c5_1759908444_1759912626
105,DLH5H_3c65c5_1762590796_1762594719
106,DLH5H_3c65c5_1763110422_1763114361
107,DLH5H_3c65c5_1763282160_1763286072
108,DLH5H_3c65c6_1739090840_1739094569
109,DLH5H_3c65c6_1739263533_1739267502
110,DLH5H_3c65c6_1740213797_1740218143
111,DLH5H_3c65c6_1748419205_1748423007
112,DLH5H_3c65c6_1749455975_1749459629
113,DLH5H_3c65c6_1749714973_1749718372
114,DLH5H_3c65c6_1752479402_1752483076
115,DLH5H_3c65c6_1754639288_1754643007
116,DLH5H_3c65c6_1756021996_1756025227
117,DLH5H_3c65c6_1756367276_1756371645
118,DLH5H_3c65c6_1757317398_1757320909
119,DLH5H_3c65c6_1758700669_1758704465
120,DLH5H_3c65c6_1758960895_1758964783
121,DLH5H_3c65c6_1759478160_1759481567
122,DLH5H_3c65c6_1760860746_1760864083
123,DLH5H_3c65c6_1762075381_1762078933
124,DLH5H_3c65c6_1762245741_1762249778
125,DLH5H_3c65c6_1763023066_1763026807
126,DLH5H_3c65c7_1737794079_1737797904
127,DLH5H_3c65c7_1738831230_1738834759
128,DLH5H_3c65c7_1738917632_1738921215
129,DLH5H_3c65c7_1739436295_1739440122
130,DLH5H_3c65c7_1739782358_1739785767
131,DLH5H_3c65c7_1740822723_1740826879
132,DLH5H_3c65c7_1742114920_1742118966
133,DLH5H_3c65c7_1743151064_1743155159
134,DLH5H_3c65c7_1748073630_1748077529
135,DLH5H_3c65c7_1748331800_1748335647
136,DLH5H_3c65c7_1749627767_1749631143
137,DLH5H_3c65c7_1751010910_1751014958
138,DLH5H_3c65c7_1752997323_1753001181
139,DLH5H_3c65c7_1753429863_1753433907
140,DLH5H_3c65c7_1754034810_1754038732
141,DLH5H_3c65c7_1755936216_1755939956
142,DLH5H_3c65c7_1758361804_1758365738
143,DLH5H_3c65c7_1758614204_1758618088
144,DLH5H_3c65c7_1766307082_1766310760
145,DLH5H_3c65c7_1766565943_1766569882
146,DLH5H_3c65c9_1738744864_1738748728
147,DLH5H_3c65c9_1740646150_1740650079
148,DLH5H_3c65c9_1743407200_1743410980
149,DLH5H_3c65c9_1748504601_1748508329
150,DLH5H_3c65c9_1748677230_1748681318
151,DLH5H_3c65c9_1752914590_1752917963
152,DLH5H_3c65c9_1754294143_1754298177
153,DLH5H_3c65c9_1755072093_1755076048
154,DLH5H_3c65c9_1763887540_1763891416
155,DLH5H_3c65ca_1735807950_1735811602
156,DLH5H_3c65ca_1736498628_1736502426
157,DLH5H_3c65ca_1739004318_1739008134
158,DLH5H_3c65ca_1741769206_1741772815
159,DLH5H_3c65ca_1744271329_1744275243
160,DLH5H_3c65ca_1745395579_1745399352
161,DLH5H_3c65ca_1749887175_1749891325
162,DLH5H_3c65ca_1750234369_1750238137
163,DLH5H_3c65ca_1750837789_1750841633
164,DLH5H_3c65ca_1751099589_1751103144
165,DLH5H_3c65ca_1751615409_1751618739
166,DLH5H_3c65ca_1752825570_1752829388
167,DLH5H_3c65ca_1755417684_1755420959
168,DLH5H_3c65ca_1758268072_1758271918
169,DLH5H_3c65ca_1759218060_1759221867
170,DLH5H_3c65ca_1759393534_1759397487
171,DLH5H_3c65ca_1759564730_1759568126
172,DLH5H_3c65ca_1760255341_1760259027
173,DLH5H_3c65ca_1760687132_1760690537
174,DLH5H_3c65ca_1761899963_1761903868
175,DLH5H_3c65ca_1762680769_1762684469
176,DLH5H_3c65ca_1764147073_1764150869
177,DLH5H_3c65ca_1764321102_1764324826
178,DLH5H_3c65ca_1765010887_1765014851
179,DLH5H_3c65cd_1735981491_1735985270
180,DLH5H_3c65cd_1738572081_1738576438
181,DLH5H_3c65cd_1739349439_1739352852
182,DLH5H_3c65cd_1740127801_1740131789
183,DLH5H_3c65cd_1740991032_1740994730
184,DLH5H_3c65cd_1742898154_1742901987
185,DLH5H_3c65cd_1748591071_1748594889
186,DLH5H_3c65cd_1749801289_1749804808
187,DLH5H_3c65cd_1752219996_1752223295
188,DLH5H_3c65cd_1754206502_1754210245
189,DLH5H_3c65cd_1755505924_1755509270
190,DLH5H_3c65cd_1755676891_1755680600
191,DLH5H_3c65cd_1756453811_1756457993
192,DLH5H_3c65cd_1756973078_1756977084
193,DLH5H_3c65cd_1757836038_1757839669
194,DLH5H_3c65cd_1759737314_1759740950
195,DLH5H_3c65cd_1760168900_1760173401
196,DLH5H_3c65cd_1760341044_1760344828
197,DLH5H_3c65cd_1760946642_1760950851
198,DLH5H_3c65cd_1761727962_1761731748
199,DLH5H_3c65cd_1762506632_1762510510
200,DLH5H_3c65cd_1762936940_1762941191
201,DLH5H_3c65cd_1763627861_1763632002
202,DLH5H_3c65cd_1765615663_1765620100
203,DLH5H_3c65cd_1766049531_1766053583
204,DLH5H_3c65ce_1736325962_1736329512
205,DLH5H_3c65ce_1738484925_1738488828
206,DLH5H_3c65ce_1740559171_1740563301
207,DLH5H_3c65ce_1741338397_1741342205
208,DLH5H_3c65ce_1741854814_1741858555
209,DLH5H_3c65ce_1747900802_1747904359
210,DLH5H_3c65ce_1748160244_1748164011
211,DLH5H_3c65ce_1753689223_1753692827
212,DLH5H_3c65ce_1754898874_1754902379
213,DLH5H_3c65ce_1758873243_1758877165
214,DLH5H_3c65d6_1735894080_1735898266
215,DLH5H_3c65d6_1736412344_1736416035
216,DLH5H_3c65d6_1736672951_1736676749
217,DLH5H_3c65d6_1736757876_1736762069
218,DLH5H_3c65d6_1736844068_1736847874
219,DLH5H_3c65d6_1736930647_1736934619
220,DLH5H_3c65d6_1737017527_1737021326
221,DLH5H_3c65d6_1737103290_1737107002
222,DLH5H_3c65d6_1737189413_1737193358
223,DLH5H_3c65d6_1737275617_1737279649
224,DLH5H_3c65d6_1737362883_1737367101
225,DLH5H_3c65d6_1737448474_1737452546
226,DLH5H_3c65d6_1737535135_1737538933
227,DLH5H_3c65d6_1737622182_1737625722
228,DLH5H_3c65d6_1738140165_1738143928
229,DLH5H_3c65d6_1738226574_1738230495
230,DLH5H_3c65d6_1741164163_1741168404
231,DLH5H_3c65d6_1742979099_1742982929
232,DLH5H_3c65d6_1743065704_1743069269
233,DLH5H_3c65d6_1743579877_1743584214
234,DLH5H_3c65d6_1744531170_1744535125
235,DLH5H_3c65d6_1748851140_1748854819
236,DLH5H_3c65d6_1748937212_1748941059
237,DLH5H_3c65d6_1749541869_1749546255
238,DLH5H_3c65d6_1750061433_1750065509
239,DLH5H_3c65d6_1750146810_1750150308
240,DLH5H_3c65d6_1750319179_1750322696
241,DLH5H_3c65d6_1751184210_1751187759
242,DLH5H_3c65d6_1751269991_1751273989
243,DLH5H_3c65d6_1751355792_1751359336
244,DLH5H_3c65d6_1751702327_1751706146
245,DLH5H_3c65d6_1752046764_1752050770
246,DLH5H_3c65d6_1754555301_1754558899
247,DLH5H_3c65d6_1757576613_1757580704
248,DLH5H_3c65d6_1757663156_1757667077
249,DLH5H_3c65d6_1758008442_1758012177
250,DLH5H_3c65d6_1759822446_1759826469
251,DLH5H_3c65d6_1761814579_1761818429
252,DLH5H_3c65d6_1763369710_1763373697
253,DLH5H_3c65d6_1763715671_1763719349
254,DLH5H_3c65d6_1765269563_1765273448
255,DLH5H_3c65d6_1765967780_1765972008
256,DLH5H_3c65d6_1767000184_1767003744
257,DLH5H_3c65d8_1742806260_1742810277
258,DLH5H_3c65d8_1743492990_1743496796
259,DLH5H_3c65d8_1743667329_1743671009
260,DLH5H_3c65d8_1743752910_1743756569
261,DLH5H_3c65d8_1748765377_1748769232
262,DLH5H_3c65d8_1749195935_1749200055
263,DLH5H_3c65d8_1749282294_1749285975
264,DLH5H_3c65d8_1754466395_1754470271
265,DLH5H_3c65d8_1754811652_1754815028
266,DLH5H_3c65d8_1754984874_1754988371
267,DLH5H_3c65d8_1756110780_1756114339
268,DLH5H_3c65d8_1756625804_1756629615
269,DLH5H_3c65d8_1757231988_1757235397
270,DLH5H_3c65d8_1757491394_1757495667
271,DLH5H_3c65d8_1757922949_1757927137
272,DLH5H_3c65d8_1758529998_1758533415
273,DLH5H_3c65d8_1758786085_1758789749
274,DLH5H_3c65d8_1760081739_1760085443
275,DLH5H_3c65d9_1737881200_1737884897
276,DLH5H_3c65d9_1738657980_1738662133
277,DLH5H_3c65d9_1739868348_1739871718
278,DLH5H_3c65d9_1740300120_1740304077
279,DLH5H_3c65d9_1740389945_1740393614
280,DLH5H_3c65d9_1740905050_1740908788
281,DLH5H_3c65d9_1742460129_1742464095
282,DLH5H_3c65d9_1744012620_1744016498
283,DLH5H_3c65d9_1744876474_1744880544
284,DLH5H_3c65d9_1749974406_1749978537
285,DLH5H_3c65d9_1752566280_1752569950
286,DLH5H_3c65d9_1753343611_1753347657
287,DLH5H_3c65d9_1753515762_1753519468
288,DLH5H_3c65d9_1754121910_1754125547
289,DLH5H_3c65d9_1756281240_1756284887
290,DLH5H_3c65d9_1757058017_1757062109
291,DLH5H_3c65d9_1759995787_1759999973
292,DLH5H_3c65d9_1761118489_1761122367
293,DLH5H_3c65d9_1761292080_1761295877
294,DLH5H_3c65d9_1763801022_1763805267
295,DLH5H_3c65d9_1764233622_1764237567
296,DLH5H_3c65d9_1764579740_1764583780
297,DLH5H_3c65d9_1764838059_1764841688
298,DLH5H_3c65d9_1766134261_1766138248
299,DLH5H_3c65d9_1766911864_1766915997
300,DLH5H_3c65da_1761987660_1761991337
301,DLH5H_3c65da_1762332151_1762336042
302,DLH5H_3c65da_1763973558_1763977512
303,DLH5H_3c65da_1765183760_1765187471
304,DLH5H_3c65da_1765443519_1765447757
305,DLH5H_3c65da_1765530533_1765534229
306,DLH5H_3c65da_1766220452_1766224049
307,DLH5H_3c65da_1767083920_1767087538
308,DLH5H_3c65da_1767170422_1767174384
