flight_id,date,raw_points,clean_points,removed_points,max_gap_sec,median_gap_sec,observed_duration_min,start_distance_km,end_distance_km,unresolved_jump_segments,status,review_reason
DLH5H_3c6541_1737967381_1737971212,2025-01-27,3621,3621,0,14.91700005531311,1.003000020980835,63.88628333409627,0.8696473284734428,2.868681268272728,0,pass,
DLH5H_3c6541_1739522614_1739526264,2025-02-14,3334,3334,0,14.333999872207642,1.003999948501587,60.68413333495458,0.7193939871252535,3.9890027733043714,0,pass,
DLH5H_3c6541_1741423292_1741426917,2025-03-08,3301,3300,1,18.373000144958496,1.003999948501587,60.333899998664855,0.6436274171468689,4.999005090801772,0,pass,
DLH5H_3c6541_1742201822_1742205711,2025-03-17,3684,3684,0,8.11299991607666,1.003000020980835,64.74528333346049,0.6498014307461609,3.7753287157763356,0,pass,
DLH5H_3c6541_1742633059_1742636875,2025-03-22,3480,3479,1,15.644999980926514,1.003000020980835,63.27971666653951,0.6442469741183278,4.553803097352537,0,pass,
DLH5H_3c6541_1742720310_1742724175,2025-03-23,3757,3757,0,5.585000038146973,1.000999927520752,64.41310000022253,0.6604275638049532,2.189457182846337,0,pass,
DLH5H_3c6541_1744616539_1744620658,2025-04-14,3826,3826,0,12.789000034332275,1.0049998760223389,68.62601666847864,0.8069864303160214,2.156587588821487,0,pass,
DLH5H_3c6541_1746258649_1746262629,2025-05-03,3245,3238,7,48.28499984741211,1.0069999694824219,66.32891666491827,0.7802185131671873,2.3018131228736736,8,review,unresolved_position_jump
DLH5H_3c6541_1746690764_1746694579,2025-05-08,2863,2855,8,28.308000087738037,1.0220000743865967,63.31180000305176,0.8145655057695685,2.7199370818565733,3,review,unresolved_position_jump
DLH5H_3c6541_1746777635_1746781469,2025-05-09,3021,3013,8,33.875,1.0119998455047607,63.6431333343188,1.150282034179299,6.726346351894612,4,review,unresolved_position_jump
DLH5H_3c6541_1749109883_1749114029,2025-06-05,3990,3990,0,8.291999816894531,1.001000165939331,69.07516666650773,0.6437553557133484,2.134200472412872,0,pass,
DLH5H_3c6541_1753085051_1753088991,2025-07-21,3815,3815,0,6.9079999923706055,1.0015000104904175,65.6492000023524,0.7073123531781463,3.0816674572625136,0,pass,
DLH5H_3c6541_1753862828_1753866596,2025-07-30,3524,3524,0,9.019000053405762,1.003999948501587,62.76095000108083,0.6870295902645808,2.9311797584699373,0,pass,
DLH5H_3c6541_1755848714_1755852323,2025-08-22,3336,3335,1,16.418999910354614,1.0049998760223389,60.11843333641688,0.7752380183300507,3.5505271472554902,0,pass,
DLH5H_3c6541_1756194553_1756198284,2025-08-26,3594,3594,0,5.930999994277954,1.003000020980835,62.14628333250682,0.6610540355140337,3.0053596940943006,0,pass,
DLH5H_3c6542_1736241444_1736245161,2025-01-07,3566,3566,0,15.884999990463257,1.003000020980835,61.889916666348775,0.9339536933377391,0.9880049794156524,0,pass,
DLH5H_3c6542_1739609606_1739612965,2025-02-15,3100,3100,0,7.819999933242798,1.003000020980835,55.91373333136241,0.6501447042409356,4.606741334227046,0,pass,
DLH5H_3c6542_1740472980_1740476967,2025-02-25,3919,3919,0,4.415999889373779,1.001000165939331,66.44283333222072,1.4168457075956813,2.1317018385462205,0,pass,
DLH5H_3c6542_1741941289_1741944888,2025-03-14,3244,3244,0,12.302000045776367,1.00600004196167,59.9592666665713,0.670671769671503,4.580560713194886,0,pass,
DLH5H_3c6542_1742373337_1742377014,2025-03-19,3377,3377,0,11.34500002861023,1.003999948501587,61.25816666682561,0.6507291214569028,4.851839033837045,0,pass,
DLH5H_3c6542_1743238622_1743242238,2025-03-29,3340,3340,0,16.276999950408936,1.005000114440918,60.18614999850591,0.9128507440697846,4.591163753905829,0,pass,
DLH5H_3c6542_1746949762_1746953270,2025-05-11,2531,2519,12,37.25999999046326,1.0179998874664307,58.44064999818802,0.638488096165243,4.982900604058119,8,review,unresolved_position_jump
DLH5H_3c6542_1751442986_1751447030,2025-07-02,3876,3876,0,7.865000009536743,1.003000020980835,67.392733335495,0.6768028164675254,2.2139577928079417,0,pass,
DLH5H_3c6542_1751788141_1751792097,2025-07-06,3874,3874,0,4.302000045776367,1.000999927520752,65.90779999891917,0.7669399296626426,2.132099917129644,0,pass,
DLH5H_3c6542_1753775116_1753779084,2025-07-29,3819,3819,0,11.191999912261963,1.002000093460083,66.0788833340009,0.6603857727079845,2.2733898160448245,1,review,unresolved_position_jump
DLH5H_3c6542_1756799153_1756803249,2025-09-02,4006,4006,0,4.825999975204468,1.002000093460083,68.24364999930064,0.7852619399272486,2.6601777637705024,0,pass,
DLH5H_3c6542_1760773075_1760776573,2025-10-18,3021,3021,0,15.622999906539917,1.0074999332427979,58.28860000371933,0.8784219771636683,2.510703639201626,0,pass,
DLH5H_3c6542_1761205953_1761210017,2025-10-23,3901,3901,0,9.676000118255615,1.001999855041504,67.68674999872843,0.7544722808070834,0.7221434083596387,0,pass,
DLH5H_3c6542_1763456730_1763460536,2025-11-18,3619,3619,0,8.835999965667725,1.003000020980835,63.402683333555856,0.7395414574475898,1.3137599091421146,0,pass,
DLH5H_3c6542_1763541803_1763545853,2025-11-19,3887,3887,0,5.502000093460083,1.003000020980835,67.48755000034969,0.7808445657519523,0.7410836842476191,0,pass,
DLH5H_3c6542_1764752204_1764756206,2025-12-03,3709,3709,0,13.154000043869019,1.0059998035430908,66.6765666683515,0.7278853158188753,0.5450550879057975,0,pass,
DLH5H_3c6542_1765702156_1765706364,2025-12-14,3837,3836,1,32.121999979019165,1.003999948501587,70.11743333339692,0.7838757377646924,0.9314974302139408,0,pass,
DLH5H_3c6542_1766825677_1766829586,2025-12-27,3821,3821,0,8.104000091552734,1.0019999742507935,65.13298333485922,0.6539587041797988,3.523688243397283,0,pass,
DLH5H_3c6543_1762418764_1762422657,2025-11-06,3635,3635,0,9.467000007629395,1.0049999952316284,64.85290000041326,0.6984940633443384,3.55443974330727,0,pass,
DLH5H_3c6543_1764406264_1764410325,2025-11-29,4004,4004,0,3.5880000591278076,1.002000093460083,67.66341666777929,0.7848958401694376,2.955280662270485,0,pass,
DLH5H_3c6543_1764925293_1764929299,2025-12-05,3946,3946,0,10.080000162124634,1.001999855041504,66.75674999952317,0.6641141369061109,3.0485230329872244,0,pass,
DLH5H_3c6543_1765875675_1765879096,2025-12-16,3250,3250,0,6.289000034332275,1.002000093460083,56.97983333269755,0.7953274151058118,3.5645521659973625,0,pass,
DLH5H_3c6544_1736153391_1736157254,2025-01-06,3605,3605,0,9.621999979019165,1.005000114440918,64.34354999860128,0.8703288521785709,2.1221830056136657,0,pass,
DLH5H_3c6544_1739695741_1739698919,2025-02-16,2895,2895,0,14.344000101089478,1.003000020980835,52.92808333237966,0.7322302455921686,4.644582864390107,0,pass,
DLH5H_3c6544_1741509720_1741513198,2025-03-09,3223,3223,0,15.756999969482422,1.003999948501587,57.91793333292007,0.6395686925191763,4.757776056950726,0,pass,
DLH5H_3c6544_1743320514_1743324419,2025-03-30,3781,3781,0,8.846999883651733,1.003000020980835,65.11565000216166,1.2074795272606076,1.9473919146666434,0,pass,
DLH5H_3c6544_1743839235_1743843086,2025-04-05,3555,3555,0,16.44099998474121,1.0049998760223389,64.12908333142599,0.6969426795224243,4.993451417562845,0,pass,
DLH5H_3c6544_1744099074_1744102564,2025-04-08,3274,3274,0,8.190999984741211,1.004000186920166,58.14663333495458,0.6673141045913176,5.058275613359952,0,pass,
DLH5H_3c6544_1745826676_1745830377,2025-04-28,3040,3039,1,52.245999813079834,1.0120000839233398,61.6586500008901,0.9774917068099384,5.004057419399233,1,review,unresolved_position_jump
DLH5H_3c6544_1747814134_1747818290,2025-05-21,3031,3026,5,40.7739999294281,1.0099999904632568,69.24861666758855,0.6432494077468496,2.0941517200280404,19,review,unresolved_position_jump
DLH5H_3c6544_1747986303_1747990270,2025-05-23,3163,3156,7,62.83999991416931,1.0049998760223389,66.09903333187103,0.8901244502967621,2.2884920400449387,0,review,gap_over_limit
DLH5H_3c6544_1748246235_1748250096,2025-05-26,3682,3682,0,6.944000005722046,1.001999855041504,64.32058333555857,0.8467716922031298,2.1747279764396046,0,pass,
DLH5H_3c6544_1750579032_1750583008,2025-06-22,3890,3890,0,3.5139999389648438,1.0,66.19781666596731,1.1454064948479528,2.0367976192236505,0,pass,
DLH5H_3c6544_1750665249_1750668889,2025-06-23,3492,3492,0,10.111000061035156,1.002000093460083,60.550966668128964,0.7739807971372266,2.1614082989648145,0,pass,
DLH5H_3c6544_1751529774_1751533439,2025-07-03,3570,3570,0,4.578999996185303,1.001000165939331,61.06466666857401,0.7388319237028236,2.146952962555899,0,pass,
DLH5H_3c6544_1752396280_1752399981,2025-07-13,3603,3603,0,4.2190001010894775,1.000999927520752,61.64963333209356,0.6808469557393213,2.0574131880287356,0,pass,
DLH5H_3c6544_1752653133_1752656888,2025-07-16,3605,3605,0,6.921000003814697,1.0029997825622559,62.56451666355133,0.7225807264189081,2.172646381826764,0,pass,
DLH5H_3c6544_1753259874_1753263680,2025-07-23,3723,3723,0,5.096999883651733,1.001999855041504,63.4127500017484,0.9605875897320452,2.1591711587772577,0,pass,
DLH5H_3c6544_1754726995_1754730597,2025-08-09,3469,3469,0,6.202999830245972,1.0029999017715454,60.00681666533152,0.7995473765506264,0.8397753732820094,0,pass,
DLH5H_3c6544_1757404594_1757408832,2025-09-09,3615,3615,0,12.18999981880188,1.0109999179840088,70.59273333152136,0.7723885043866882,3.713133104431795,0,pass,
DLH5H_3c6544_1758181809_1758185539,2025-09-18,3562,3562,0,6.456000089645386,1.003000020980835,62.13191667000453,0.7912567010297122,3.092601114687594,0,pass,
DLH5H_3c65c1_1736584938_1736588836,2025-01-11,3835,3834,1,5.114000082015991,1.001999855041504,64.92264999945958,0.6666909515571228,2.15802403308846,0,pass,
DLH5H_3c65c1_1738054279_1738058231,2025-01-28,3718,3718,0,10.79200005531311,1.003000020980835,65.8506500005722,0.9037388181864622,1.0036491859562746,0,pass,
DLH5H_3c65c1_1739177644_1739181316,2025-02-10,3360,3359,1,10.77400016784668,1.003499984741211,61.11465000311534,0.6716579716537479,4.316883923962101,0,pass,
DLH5H_3c65c1_1740732270_1740736049,2025-02-28,3448,3448,0,19.611000061035156,1.003999948501587,62.84486666917801,1.135897991515414,4.591072383072968,0,pass,
DLH5H_3c65c1_1741250690_1741254884,2025-03-06,4027,4026,1,10.099999904632568,1.002000093460083,69.8868833343188,0.8785556988579726,1.1299170458533432,0,pass,
DLH5H_3c65c1_1744185330_1744188939,2025-04-09,3251,3251,0,21.25100016593933,1.00600004196167,60.320616666475935,1.0187941700526617,2.574418945914597,3,review,unresolved_position_jump
DLH5H_3c65c1_1744357538_1744361434,2025-04-11,3563,3563,0,14.593999862670898,1.005000114440918,64.91956666707992,0.6998163601085134,2.3066319751866997,1,review,unresolved_position_jump
DLH5H_3c65c1_1745567475_1745571059,2025-04-25,2736,2734,2,24.99500012397766,1.0199999809265137,59.71694999933243,0.7289769082315112,2.950534789335955,0,pass,
DLH5H_3c65c1_1745740182_1745743749,2025-04-27,2944,2938,6,40.76100015640259,1.0109999179840088,59.42808333237966,0.6427762087601389,4.998761413753531,7,review,unresolved_position_jump
DLH5H_3c65c1_1746863131_1746866808,2025-05-10,2341,2337,4,27.917999982833862,1.0295000076293945,61.2656999985377,0.949204214455442,2.6845731130089487,7,review,unresolved_position_jump
DLH5H_3c65c1_1750492448_1750495906,2025-06-21,3222,3222,0,6.819000005722046,1.004000186920166,57.61413333415985,0.7386021034481279,5.020436171619185,0,pass,
DLH5H_3c65c1_1750751626_1750755463,2025-06-24,3662,3662,0,6.437000036239624,1.002000093460083,63.906433335940044,0.785261939927259,2.3618541044802592,0,pass,
DLH5H_3c65c1_1750923975_1750928098,2025-06-26,3949,3949,0,6.706000089645386,1.002000093460083,68.5588333328565,0.8324133589519314,1.785372709297469,0,pass,
DLH5H_3c65c1_1752738512_1752742289,2025-07-17,3642,3642,0,5.56000018119812,1.003000020980835,62.93344999949137,0.6636062617127139,2.201406434966884,0,pass,
DLH5H_3c65c1_1755762559_1755765985,2025-08-21,3168,3168,0,12.797999858856201,1.003999948501587,57.08908333381017,0.764337168075551,3.6958339341211377,0,pass,
DLH5H_3c65c1_1756540609_1756544690,2025-08-30,3892,3892,0,5.605999946594238,1.003000020980835,67.99516666730246,0.6917406524579441,0.7738001927697536,0,pass,
DLH5H_3c65c1_1756713397_1756717418,2025-09-01,3861,3861,0,4.974999904632568,1.003000020980835,66.98689999977748,0.8687361460515118,2.603972456309085,0,pass,
DLH5H_3c65c1_1757145873_1757149134,2025-09-06,2967,2967,0,14.91700005531311,1.00600004196167,54.32356666723887,0.8940159495797724,1.0602894767453253,0,pass,
DLH5H_3c65c1_1761032970_1761036623,2025-10-21,3424,3422,2,5.700999975204468,1.0049998760223389,60.79575000206629,0.8430082111584501,1.9536476656008985,0,pass,
DLH5H_3c65c1_1761554821_1761558792,2025-10-27,3743,3741,2,24.630000114440918,1.003000020980835,66.16659999688467,0.7929789473605772,3.000277552995794,0,pass,
DLH5H_3c65c1_1761641765_1761645627,2025-10-28,3767,3767,0,7.536999940872192,1.0015000104904175,64.31193333466848,0.7791550464784939,0.9363792395052561,0,pass,
DLH5H_3c65c1_1764666390_1764670259,2025-12-02,3816,3816,0,3.9560000896453857,1.001999855041504,64.4903666694959,0.8249306889697273,1.5456662460687163,0,pass,
DLH5H_3c65c1_1765787984_1765792193,2025-12-15,4119,4119,0,3.927999973297119,1.000999927520752,70.13118333419165,1.0053412754690507,3.057858190863549,0,pass,
DLH5H_3c65c1_1766479725_1766483455,2025-12-23,3589,3589,0,5.937999963760376,1.002000093460083,62.12335000038147,0.9897008459029581,4.48221558516834,0,pass,
DLH5H_3c65c2_1738399423_1738403145,2025-02-01,3379,3379,0,11.026999950408936,1.005000114440918,62.012899998823805,0.7253759708762886,2.4661236927447763,0,pass,
DLH5H_3c65c2_1741077576_1741081478,2025-03-04,3615,3615,0,15.118000030517578,1.0040000677108765,64.99933333396912,1.2287629211730073,2.4025101296008713,0,pass,
DLH5H_3c65c2_1741683532_1741687390,2025-03-11,3751,3750,1,6.115000009536743,1.003999948501587,64.28820000092189,0.7213046028356032,2.1443134741237158,0,pass,
DLH5H_3c65c2_1742027566_1742031412,2025-03-15,3593,3592,1,12.22700023651123,1.003000020980835,64.06153333584467,0.6442131014284392,4.617162876558712,0,pass,
DLH5H_3c65c2_1751874877_1751879026,2025-07-07,3840,3840,0,11.533999919891357,1.00600004196167,69.13718333641688,0.7752380183300507,2.048269702274014,0,pass,
DLH5H_3c65c2_1752305974_1752309934,2025-07-12,3847,3847,0,5.098999977111816,1.003000020980835,65.98634999990463,0.7244401290927134,2.1443134741237158,0,pass,
DLH5H_3c65c2_1759305213_1759309159,2025-10-01,3647,3647,0,6.680000066757202,1.005000114440918,65.75070000092188,0.8069864303160214,3.8318457143723466,0,pass,
DLH5H_3c65c2_1760428190_1760431812,2025-10-14,3192,3192,0,14.325000047683716,1.00600004196167,60.34079999923706,0.7369966606031753,3.411734691937726,1,review,unresolved_position_jump
DLH5H_3c65c2_1762764225_1762768460,2025-11-10,4124,4124,0,5.41100001335144,1.000999927520752,70.56238333384196,0.8317342614029773,3.3032570111203854,0,pass,
DLH5H_3c65c2_1763195889_1763199688,2025-11-15,3731,3731,0,3.0870001316070557,1.0015000104904175,63.280433336893715,0.7167674459304249,2.967450155482799,0,pass,
DLH5H_3c65c2_1766393354_1766397535,2025-12-22,3796,3793,3,36.3270001411438,1.0069999694824219,69.63399999936422,1.0614250586154954,0.5345082745259866,0,pass,
DLH5H_3c65c3_1745913211_1745917015,2025-04-29,3278,3275,3,17.96399998664856,1.0079998970031738,63.377249999841055,0.68964942800692,4.934057799548602,8,review,unresolved_position_jump
DLH5H_3c65c3_1746172945_1746176635,2025-05-02,2797,2793,4,51.789000034332275,1.0109999179840088,61.43474999666214,0.9701750109576616,2.1716331695290947,5,review,unresolved_position_jump
DLH5H_3c65c3_1747037395_1747041488,2025-05-12,3255,3252,3,142.3069999217987,1.0069999694824219,68.19045000076294,0.9402404329953218,6.967394553242806,3,review,gap_over_limit;unresolved_position_jump
DLH5H_3c65c3_1750408940_1750412155,2025-06-20,3006,3006,0,10.901000022888184,1.003000020980835,53.56466666857401,0.6826788131863651,5.040596776718307,0,pass,
DLH5H_3c65c3_1751961240_1751965304,2025-07-08,3827,3827,0,6.209000110626221,1.003000020980835,67.71075000365575,0.8415893338071343,2.311452307457356,0,pass,
DLH5H_3c65c3_1753170810_1753174718,2025-07-22,3715,3715,0,5.9019999504089355,1.003999948501587,65.142666665713,0.8877058666102409,1.123915772013579,0,pass,
DLH5H_3c65c3_1753604136_1753607976,2025-07-27,3714,3714,0,5.146999835968018,1.001000165939331,63.98208333253861,0.8349623784383237,3.1312809332665954,0,pass,
DLH5H_3c65c3_1755244050_1755247583,2025-08-15,3368,3368,0,6.675999879837036,1.003999948501587,58.86493333180746,0.7375130550609916,3.305887559381875,0,pass,
DLH5H_3c65c3_1757750592_1757754576,2025-09-13,3912,3912,0,4.708000183105469,1.002000093460083,66.36864999930064,0.6721845936053968,0.6086547400969997,0,pass,
DLH5H_3c65c3_1758096332_1758099863,2025-09-17,3378,3378,0,7.563999891281128,1.002000093460083,58.828850003083545,0.8289377650551077,2.979458495680256,0,pass,
DLH5H_3c65c3_1758441360_1758445424,2025-09-21,3946,3946,0,7.128000020980835,1.001000165939331,67.71744999885559,0.8595329522670893,3.3518603488786867,0,pass,
DLH5H_3c65c3_1761378556_1761382199,2025-10-25,3578,3578,0,10.746999979019165,1.0029997825622559,60.686383334795636,0.7059372212929722,2.9217599032107873,0,pass,
DLH5H_3c65c3_1761468720_1761472829,2025-10-26,4046,4046,0,5.60099983215332,1.0,68.48373333215713,0.6974042718219551,0.4332544198917939,0,pass,
DLH5H_3c65c3_1762160022_1762164078,2025-11-03,3956,3956,0,5.115000009536743,1.003000020980835,67.55853333473206,0.6597364913506989,0.6408572234451995,0,pass,
DLH5H_3c65c3_1764493175_1764497093,2025-11-30,3851,3851,0,4.2159998416900635,1.000999927520752,65.29043333133062,0.7838700865419713,2.995195684175768,0,pass,
DLH5H_3c65c3_1765097061_1765101019,2025-12-07,3911,3911,0,5.046000003814697,1.000999927520752,65.9558500011762,0.8347864825045059,0.9007180841094156,0,pass,
DLH5H_3c65c5_1738312943_1738317165,2025-01-31,4029,4029,0,8.243000030517578,1.003000020980835,70.41706666549047,1.5955936428683792,2.5548965221635176,0,pass,
DLH5H_3c65c5_1739954231_1739957766,2025-02-19,3304,3303,1,8.92799997329712,1.003000020980835,58.83911666472753,0.8576140196352108,3.9128539013483055,0,pass,
DLH5H_3c65c5_1742288700_1742292317,2025-03-18,3320,3320,0,11.19599986076355,1.0049998760223389,60.27813333272934,0.6460718708915872,4.596462957316637,0,pass,
DLH5H_3c65c5_1743926046_1743929518,2025-04-06,3114,3113,1,11.287999868392944,1.00600004196167,57.8409166653951,0.6422326081370966,4.94509575421598,0,pass,
DLH5H_3c65c5_1744445741_1744449407,2025-04-12,3380,3380,0,14.954999923706055,1.004000186920166,60.86613333622615,0.6449092451492497,2.393546017950147,0,pass,
DLH5H_3c65c5_1744702870_1744706617,2025-04-15,2915,2909,6,27.931999921798706,1.0160000324249268,62.43739999930064,0.7647868906331607,4.919895796530014,1,review,unresolved_position_jump
DLH5H_3c65c5_1749023636_1749027598,2025-06-04,3806,3806,0,5.45799994468689,1.0029997825622559,66.0159166653951,0.7013376046603363,2.1128280126295413,0,pass,
DLH5H_3c65c5_1749368953_1749373000,2025-06-08,3874,3874,0,4.8459999561309814,1.002000093460083,67.37491666475931,0.7121497749805957,2.253589419395221,0,pass,
DLH5H_3c65c5_1752133094_1752136924,2025-07-10,3681,3681,0,7.681999921798706,1.000999927520752,63.79878333409627,0.9020633343310595,2.136368084790477,0,pass,
DLH5H_3c65c5_1754381281_1754384962,2025-08-05,3521,3521,0,7.122999906539917,1.0029999017715454,61.26298333406449,0.7914601217425953,2.6935906424548106,0,pass,
DLH5H_3c65c5_1755157235_1755160828,2025-08-14,3332,3332,0,16.195000171661377,1.0049998760223389,59.85993333260218,0.6554165332850382,3.675591841906156,0,pass,
DLH5H_3c65c5_1755589994_1755593500,2025-08-19,3236,3236,0,10.364000082015991,1.003999948501587,58.38770000139872,0.7690071560790986,3.8470438115817873,0,pass,
DLH5H_3c65c5_1759133425_1759137028,2025-09-29,3307,3307,0,8.595999956130981,1.00600004196167,60.03284999926885,0.9771353185618328,3.666028730227157,0,pass,
DLH5H_3c65c5_1759650151_1759653959,2025-10-05,3605,3605,0,6.101000070571899,1.003000020980835,63.47149999936422,0.800344146391261,1.3390666355799121,0,pass,
DLH5H_3c65c5_1759908444_1759912626,2025-10-08,3901,3901,0,9.335999965667725,1.003000020980835,69.66643333435059,0.7408701581223008,0.712912809753882,0,pass,
DLH5H_3c65c5_1762590796_1762594719,2025-11-08,3877,3876,1,5.062999963760376,1.001999855041504,65.36395000219345,0.7110940517874622,3.062949196216534,0,pass,
DLH5H_3c65c5_1763110422_1763114361,2025-11-14,3856,3856,0,3.7950000762939453,1.003999948501587,65.5915666659673,0.7522407122520086,2.7975021155191153,0,pass,
DLH5H_3c65c5_1763282160_1763286072,2025-11-16,3836,3836,0,4.898000001907349,1.0,65.19791666666667,0.6496619629379672,0.8027414927542497,0,pass,
DLH5H_3c65c6_1739090840_1739094569,2025-02-09,3503,3502,1,11.692999839782715,1.003999948501587,62.130300001303354,0.7293734364579502,4.559182782815573,0,pass,
DLH5H_3c65c6_1739263533_1739267502,2025-02-11,3885,3885,0,6.920000076293945,1.002000093460083,66.19660000006358,1.3044161012804454,2.8459495616930854,0,pass,
DLH5H_3c65c6_1740213797_1740218143,2025-02-22,4272,4272,0,4.0299999713897705,1.001000165939331,72.42593333323796,0.8290227665088221,2.12473275807959,0,pass,
DLH5H_3c65c6_1744962355_1744966697,2025-04-18,3756,3754,2,21.23799991607666,1.0109999179840088,72.19291666746139,0.8196179465533242,1.6719494600830915,1,review,unresolved_position_jump
DLH5H_3c65c6_1746431569_1746435119,2025-05-05,2591,2580,11,35.14200019836426,1.0150001049041748,59.19464999834697,0.6855700677074512,5.209677362598185,11,review,unresolved_position_jump
DLH5H_3c65c6_1748419205_1748423007,2025-05-28,3646,3646,0,5.509999990463257,1.003000020980835,63.322350001335145,0.7819638938525645,1.9809767881172144,0,pass,
DLH5H_3c65c6_1749455975_1749459629,2025-06-09,3530,3530,0,6.265000104904175,1.001999855041504,60.873783334096274,0.7841003367931308,2.1435492239798686,0,pass,
DLH5H_3c65c6_1749714973_1749718372,2025-06-12,3224,3224,0,11.849999904632568,1.002000093460083,56.63595000108083,0.667518712739379,5.0668902536854095,0,pass,
DLH5H_3c65c6_1752479402_1752483076,2025-07-14,3549,3549,0,5.074000120162964,1.002000093460083,61.229550000031786,0.7754397068519542,2.201406434966884,0,pass,
DLH5H_3c65c6_1754639288_1754643007,2025-08-08,3631,3631,0,4.885999917984009,1.002000093460083,61.966533335049945,0.8857695392379616,2.911402276580889,0,pass,
DLH5H_3c65c6_1756021996_1756025227,2025-08-24,3004,3004,0,8.490000009536743,1.005000114440918,53.833899998664855,0.7398337913951331,3.585674458513898,0,pass,
DLH5H_3c65c6_1756367276_1756371645,2025-08-28,4165,4165,0,6.204999923706055,1.003999948501587,72.79456666707992,0.700441938458705,2.991011220488755,0,pass,
DLH5H_3c65c6_1757317398_1757320909,2025-09-08,3269,3269,0,10.471999883651733,1.0040000677108765,58.50406666994095,0.8587996765581299,3.6307270951844672,0,pass,
DLH5H_3c65c6_1758700669_1758704465,2025-09-24,3426,3426,0,14.608999967575073,1.0079998970031738,63.25334999958674,0.7296045020302698,3.7209002618525027,0,pass,
DLH5H_3c65c6_1758960895_1758964783,2025-09-27,3721,3721,0,6.6540000438690186,1.002000093460083,64.78523333470027,0.6649281791884644,3.009559395177294,0,pass,
DLH5H_3c65c6_1759478160_1759481567,2025-10-03,3146,3146,0,11.88700008392334,1.003999948501587,56.77799999713898,0.80549582523874,4.014448440479436,0,pass,
DLH5H_3c65c6_1760860746_1760864083,2025-10-19,3094,3094,0,8.085000038146973,1.0069999694824219,55.58658333222071,0.6719513361652999,3.47157153956042,0,pass,
DLH5H_3c65c6_1762075381_1762078933,2025-11-02,3502,3502,0,4.7749998569488525,1.001999855041504,59.177433335781096,0.7820953212349236,3.0428407271183553,0,pass,
DLH5H_3c65c6_1762245741_1762249778,2025-11-04,3967,3967,0,7.740000009536743,1.0,67.22236666679382,0.7528488084315391,0.9757689109901059,0,pass,
DLH5H_3c65c6_1763023066_1763026807,2025-11-13,3650,3650,0,4.486999988555908,1.001999855041504,62.331199999650316,0.7851627672193751,2.565063666973072,0,pass,
DLH5H_3c65c7_1737794079_1737797904,2025-01-25,3698,3698,0,5.557000160217285,1.000999927520752,63.656383331616716,0.849725491258091,2.2785203441763264,0,pass,
DLH5H_3c65c7_1738831230_1738834759,2025-02-06,3190,3190,0,15.370000123977661,1.005000114440918,58.7441499988238,0.7626402935033081,3.9532719890908536,0,pass,
DLH5H_3c65c7_1738917632_1738921215,2025-02-07,3253,3252,1,10.033999919891357,1.007000207901001,59.556883335113525,0.7127397622595258,4.426149823988475,0,pass,
DLH5H_3c65c7_1739436295_1739440122,2025-02-13,3732,3732,0,5.513000011444092,1.0,63.72951666911443,0.6683865729696,3.0672081500326325,0,pass,
DLH5H_3c65c7_1739782358_1739785767,2025-02-17,3163,3162,1,32.276000022888184,1.0059998035430908,56.7877166668574,0.6600273085271097,4.700441109889911,0,pass,
DLH5H_3c65c7_1740822723_1740826879,2025-03-01,3886,3886,0,12.071000099182129,1.0029997825622559,69.24511666695277,0.6749261685053674,3.8948931839449705,0,pass,
DLH5H_3c65c7_1742114920_1742118966,2025-03-16,3797,3797,0,9.822999954223633,1.003999948501587,67.3877166668574,0.7196497359535853,4.596419020108128,0,pass,
DLH5H_3c65c7_1743151064_1743155159,2025-03-28,3972,3972,0,5.025000095367432,1.003999948501587,68.10658333301544,1.4358173991060728,1.5979863665523124,0,pass,
DLH5H_3c65c7_1745135689_1745139268,2025-04-20,3149,3147,2,15.05400013923645,1.0090000629425049,59.62218333085378,0.9698066241894856,4.940740414524451,1,review,unresolved_position_jump
DLH5H_3c65c7_1747468069_1747471469,2025-05-17,2388,2385,3,36.657999992370605,1.0140000581741333,56.62354999780655,0.6745824761776926,5.366453595191072,3,review,unresolved_position_jump
DLH5H_3c65c7_1748073630_1748077529,2025-05-24,3748,3748,0,6.102999925613403,1.002000093460083,64.98071666558583,0.8814389295133483,2.0931910800892246,0,pass,
DLH5H_3c65c7_1748331800_1748335647,2025-05-27,3754,3754,0,5.187999963760376,1.001999855041504,64.10038333336512,0.784131252233971,2.1388737279826358,0,pass,
DLH5H_3c65c7_1749627767_1749631143,2025-06-11,3192,3192,0,8.655999898910522,1.0049998760223389,56.2503999988238,0.9909024858900983,2.922967177952691,0,pass,
DLH5H_3c65c7_1751010910_1751014958,2025-06-27,3945,3945,0,10.54800009727478,1.002000093460083,67.42028332948685,0.9030473510464032,2.186791804613204,0,pass,
DLH5H_3c65c7_1752997323_1753001181,2025-07-20,3742,3742,0,9.27400016784668,1.001999855041504,64.27011666695277,0.7219021229183561,2.9269624750741685,0,pass,
DLH5H_3c65c7_1753429863_1753433907,2025-07-25,3920,3920,0,5.29200005531311,1.002000093460083,67.26574999888739,0.8710343360431644,2.2260720625968835,0,pass,
DLH5H_3c65c7_1754034810_1754038732,2025-08-01,3745,3745,0,13.638000011444092,1.003999948501587,65.355200000604,0.6839654125096651,3.0437108676990974,0,pass,
DLH5H_3c65c7_1755936216_1755939956,2025-08-23,3634,3634,0,3.6389999389648438,1.003999948501587,62.32515000104904,0.9839139251240473,2.6498164795158052,0,pass,
DLH5H_3c65c7_1758361804_1758365738,2025-09-20,3816,3816,0,4.398000001907349,1.002000093460083,65.5155500014623,0.8112347145398386,1.9530939196269137,0,pass,
DLH5H_3c65c7_1758614204_1758618088,2025-09-23,3561,3561,0,9.948999881744385,1.0079998970031738,64.6896833340327,0.7557697302638816,3.7711457306338265,0,pass,
DLH5H_3c65c7_1762850906_1762854852,2025-11-11,3782,3782,0,10.592000007629395,1.003000020980835,65.75429999828339,0.782450610668412,0.8710890206187921,1,review,unresolved_position_jump
DLH5H_3c65c7_1766307082_1766310760,2025-12-21,3559,3559,0,7.506999969482422,1.000999927520752,61.27536666790645,0.6681918767536552,1.2636054268056303,0,pass,
DLH5H_3c65c7_1766565943_1766569882,2025-12-24,3818,3818,0,6.5940001010894775,1.003000020980835,65.62623333533605,0.8439730793819649,3.528498232250292,0,pass,
DLH5H_3c65c9_1738744864_1738748728,2025-02-05,3736,3736,0,5.625,1.000999927520752,64.38623333374659,0.8842969463392905,2.059204893479379,0,pass,
DLH5H_3c65c9_1740646150_1740650079,2025-02-27,3815,3815,0,5.01800012588501,1.000999927520752,65.52206666469574,1.6008210268003271,2.3733279062995782,0,pass,
DLH5H_3c65c9_1743407200_1743410980,2025-03-31,3658,3657,1,5.384999990463257,1.000999927520752,62.975983329614,0.6893795517904127,2.2862530081529786,0,pass,
DLH5H_3c65c9_1746603466_1746607198,2025-05-07,2730,2718,12,49.329999923706055,1.0130000114440918,62.17970000108083,0.6738842856245058,5.149655597633654,5,review,unresolved_position_jump
DLH5H_3c65c9_1747554960_1747558896,2025-05-18,3264,3250,14,24.52500009536743,1.005000114440918,65.56304999987285,0.808186602357307,2.3575426927571295,8,review,unresolved_position_jump
DLH5H_3c65c9_1748504601_1748508329,2025-05-29,3608,3608,0,7.174000024795532,1.003000020980835,62.10938333670298,0.8129731163751479,2.1464981517017856,0,pass,
DLH5H_3c65c9_1748677230_1748681318,2025-05-31,3911,3911,0,6.193000078201294,1.003000020980835,68.12296666701634,0.7954890090252155,2.2814495095655003,0,pass,
DLH5H_3c65c9_1752914590_1752917963,2025-07-19,3184,3184,0,12.414000034332275,1.004000186920166,56.198300000031786,0.7158565426846917,5.024631663641725,0,pass,
DLH5H_3c65c9_1754294143_1754298177,2025-08-04,3935,3935,0,8.138999938964844,1.002000093460083,67.20358333190282,1.0238930262858108,3.0672081500326325,0,pass,
DLH5H_3c65c9_1755072093_1755076048,2025-08-13,3851,3851,0,11.984999895095825,1.002000093460083,65.82396666606267,0.7172903716069697,1.2069179972272928,0,pass,
DLH5H_3c65c9_1763887540_1763891416,2025-11-23,3775,3775,0,4.768999814987183,1.002000093460083,64.58269999821981,0.6466492953165551,3.0628924156284505,0,pass,
DLH5H_3c65ca_1735807950_1735811602,2025-01-02,3528,3528,0,5.99399995803833,1.002000093460083,60.72139999866486,1.101986829926416,1.893329788698068,0,pass,
DLH5H_3c65ca_1736498628_1736502426,2025-01-10,3677,3677,0,5.947000026702881,1.000999927520752,63.29184999863307,0.9947997785883185,2.2090704564232846,0,pass,
DLH5H_3c65ca_1739004318_1739008134,2025-02-08,3466,3466,0,9.651999950408936,1.003999948501587,63.57930000225703,0.661053246061154,2.4779032983153915,0,pass,
DLH5H_3c65ca_1741769206_1741772815,2025-03-12,3332,3332,0,11.969000101089478,1.005000114440918,60.040716667970024,1.4857063349081372,4.736985412401113,0,pass,
DLH5H_3c65ca_1744271329_1744275243,2025-04-10,3523,3523,0,15.038000106811523,1.0069999694824219,65.21926666895548,0.6790512878761701,5.019721826707483,0,pass,
DLH5H_3c65ca_1745049360_1745053134,2025-04-19,3068,3067,1,17.973999977111816,1.0120000839233398,62.910483332475025,0.6685320122246785,5.129555827220697,3,review,unresolved_position_jump
DLH5H_3c65ca_1745395579_1745399352,2025-04-23,3482,3482,0,11.087999820709229,1.005000114440918,62.85631666580836,0.6500424898095101,4.977338188870823,0,pass,
DLH5H_3c65ca_1749887175_1749891325,2025-06-14,4076,4076,0,4.178999900817871,1.002000093460083,69.13923333485921,0.8079792042744415,2.233524944432553,0,pass,
DLH5H_3c65ca_1750234369_1750238137,2025-06-18,3682,3682,0,6.578999996185303,1.003000020980835,62.78188333113988,0.7518002298634546,1.8592271843019528,0,pass,
DLH5H_3c65ca_1750837789_1750841633,2025-06-25,3734,3734,0,5.1540000438690186,1.000999927520752,64.0567166686058,0.8572509272179847,2.0642263866372477,0,pass,
DLH5H_3c65ca_1751099589_1751103144,2025-06-28,3461,3461,0,5.098999977111816,1.002000093460083,59.18854999939601,0.8639808767021775,2.0273649729708905,0,pass,
DLH5H_3c65ca_1751615409_1751618739,2025-07-04,3099,3099,0,10.486999988555908,1.0054999589920044,55.45671666860581,0.7062428867420072,5.171410768767811,0,pass,
DLH5H_3c65ca_1752825570_1752829388,2025-07-18,3680,3680,0,5.727999925613403,1.001999855041504,63.62788333495458,0.7931639601783009,2.2372380547621047,0,pass,
DLH5H_3c65ca_1755417684_1755420959,2025-08-17,3057,3057,0,11.128999948501587,1.005000114440918,54.5723833322525,1.1687246840513,5.117608472150091,0,pass,
DLH5H_3c65ca_1758268072_1758271918,2025-09-19,3695,3695,0,6.6499998569488525,1.000999927520752,64.08436666329702,0.8447367123087751,2.94582423741385,0,pass,
DLH5H_3c65ca_1759218060_1759221867,2025-09-30,3415,3415,0,38.081000089645386,1.005000114440918,63.41476666529973,0.7776649926139124,0.5362782599345393,0,pass,
DLH5H_3c65ca_1759393534_1759397487,2025-10-02,3327,3326,1,33.73399996757507,1.008000135421753,65.86966666777928,0.6562777116881665,0.5479674400482936,0,pass,
DLH5H_3c65ca_1759564730_1759568126,2025-10-04,3289,3289,0,4.949999809265137,1.002000093460083,56.58925000031789,0.7852619399272486,2.7399926887851773,0,pass,
DLH5H_3c65ca_1760255341_1760259027,2025-10-12,3216,3216,0,14.907999992370605,1.0069999694824219,61.39288333257039,0.67223622476164,0.5312813906527905,0,pass,
DLH5H_3c65ca_1760687132_1760690537,2025-10-17,3026,3026,0,17.91100001335144,1.0069999694824219,56.70681666533152,1.0893984694350962,0.5684195567648882,0,pass,
DLH5H_3c65ca_1761899963_1761903868,2025-10-31,3790,3790,0,9.077000141143799,1.002000093460083,65.07421666781107,0.7963859915466666,2.6053713116359716,0,pass,
DLH5H_3c65ca_1762680769_1762684469,2025-11-09,3658,3658,0,2.9680001735687256,1.000999927520752,61.65490000247955,0.683705345248516,2.953160424950896,0,pass,
DLH5H_3c65ca_1764147073_1764150869,2025-11-26,3575,3575,0,8.882999897003174,1.003000020980835,63.25118333498637,0.8026623886964062,1.2295242519907645,0,pass,
DLH5H_3c65ca_1764321102_1764324826,2025-11-28,3618,3618,0,6.9009997844696045,1.001999855041504,62.05193333228429,0.7971119646972368,2.967450155482799,0,pass,
DLH5H_3c65ca_1765010887_1765014851,2025-12-06,3902,3902,0,4.723999977111816,1.000999927520752,66.04671666622161,0.6365915724648026,3.0527674231476447,0,pass,
DLH5H_3c65cd_1735981491_1735985270,2025-01-04,3661,3661,0,6.677999973297119,1.001999855041504,62.96528333425522,0.6636062617127139,2.2213183608778513,0,pass,
DLH5H_3c65cd_1738572081_1738576438,2025-02-03,4171,4170,1,6.145999908447266,1.003999948501587,72.54261666933695,0.9311507327696443,2.55997106180046,0,pass,
DLH5H_3c65cd_1739349439_1739352852,2025-02-12,3123,3123,0,14.537000179290771,1.003999948501587,56.869983331362405,0.6562777116878216,2.47074037197608,0,pass,
DLH5H_3c65cd_1740127801_1740131789,2025-02-21,3849,3849,0,12.124000072479248,1.001999855041504,66.65031666755677,1.9663087863724833,2.071081154257212,0,pass,
DLH5H_3c65cd_1740991032_1740994730,2025-03-03,3480,3480,0,9.55400013923645,1.003000020980835,61.55940000216166,0.845014213323751,4.178063114053669,0,pass,
DLH5H_3c65cd_1742898154_1742901987,2025-03-25,3720,3719,1,5.4720001220703125,1.001999855041504,63.68654999732971,0.6387486794431492,1.9870220746443032,0,pass,
DLH5H_3c65cd_1745481266_1745484952,2025-04-24,2959,2958,1,35.43899989128113,1.0170001983642578,61.416400003433225,0.6519445659251164,2.146952962555899,2,review,unresolved_position_jump
DLH5H_3c65cd_1746345613_1746349192,2025-05-04,2879,2870,9,66.52900004386902,1.008000135421753,59.628683332602186,0.6779470724721494,3.293138124407201,4,review,gap_over_limit;unresolved_position_jump
DLH5H_3c65cd_1747209290_1747213279,2025-05-14,3197,3193,4,54.557000160217285,1.0119998455047607,66.44031666914621,0.7042589883196596,6.207539381846419,8,review,unresolved_position_jump
DLH5H_3c65cd_1748591071_1748594889,2025-05-30,3709,3709,0,7.854000091552734,1.000999927520752,63.6217666665713,0.8272736604010479,2.2866072614421786,0,pass,
DLH5H_3c65cd_1749801289_1749804808,2025-06-13,3315,3315,0,7.115999937057495,1.003000020980835,58.638283336162566,0.8901761051861178,5.056319380245157,0,pass,
DLH5H_3c65cd_1752219996_1752223295,2025-07-11,3078,3078,0,14.64300012588501,1.003000020980835,54.9715499997139,1.0276177123450898,5.047423358921633,0,pass,
DLH5H_3c65cd_1754206502_1754210245,2025-08-03,3603,3603,0,6.693000078201294,1.001999855041504,62.352133333683014,0.8288801145805486,2.228793654731711,0,pass,
DLH5H_3c65cd_1755505924_1755509270,2025-08-18,3109,3109,0,9.325000047683716,1.0049998760223389,55.74258333444595,0.7144438371612747,2.3980267052706794,0,pass,
DLH5H_3c65cd_1755676891_1755680600,2025-08-20,3460,3460,0,11.5,1.003999948501587,61.80496666828791,0.8235452517123453,3.6055189483628967,0,pass,
DLH5H_3c65cd_1756453811_1756457993,2025-08-29,4009,4009,0,7.378000020980835,1.002000093460083,69.68729999860128,0.639660797758779,3.1012419834465645,0,pass,
DLH5H_3c65cd_1756973078_1756977084,2025-09-04,3858,3858,0,6.425999879837036,1.000999927520752,66.73669999837875,0.7898993745190417,2.5683608598597325,0,pass,
DLH5H_3c65cd_1757836038_1757839669,2025-09-14,3533,3533,0,7.323999881744385,1.003000020980835,60.460300000508624,0.6412587530714362,2.943962084990457,0,pass,
DLH5H_3c65cd_1759737314_1759740950,2025-10-06,3526,3526,0,4.804999828338623,1.000999927520752,60.431316669782,0.6490004433440437,1.908049413895174,0,pass,
DLH5H_3c65cd_1760168900_1760173401,2025-10-11,3957,3957,0,23.44600009918213,1.003000020980835,74.94413333336512,0.6767123986250677,0.4181474425779274,0,pass,
DLH5H_3c65cd_1760341044_1760344828,2025-10-13,3309,3309,0,14.851999998092651,1.00600004196167,63.049266668160755,1.0706924746200919,3.442283602860688,0,pass,
DLH5H_3c65cd_1760946642_1760950851,2025-10-20,3828,3828,0,13.666000127792358,1.003000020980835,70.10568333466848,0.7155004058065093,3.0332617424730177,0,pass,
DLH5H_3c65cd_1761727962_1761731748,2025-10-29,3691,3691,0,5.20799994468689,1.000999927520752,62.999216667811076,0.9022515843850134,1.4383897198096225,0,pass,
DLH5H_3c65cd_1762506632_1762510510,2025-11-07,3771,3771,0,4.447999954223633,1.0,64.6025499979655,0.9719369571133261,3.0527674231476447,0,pass,
DLH5H_3c65cd_1762936940_1762941191,2025-11-12,4199,4198,1,4.509000062942505,1.000999927520752,70.82273333470026,0.7818662525724759,2.9510320105576877,0,pass,
DLH5H_3c65cd_1763627861_1763632002,2025-11-20,4012,4012,0,10.907999992370605,1.003000020980835,68.97756666739782,0.6481621707339724,0.8370698313455021,0,pass,
DLH5H_3c65cd_1765615663_1765620100,2025-12-13,3914,3914,0,28.299000024795532,1.003999948501587,73.93695000012715,0.801766689423509,0.3321327684549611,0,pass,
DLH5H_3c65cd_1766049531_1766053583,2025-12-18,4008,4008,0,4.108000040054321,1.0,67.47108333508173,0.8668082764596245,3.221418932260455,0,pass,
DLH5H_3c65ce_1736325962_1736329512,2025-01-08,3450,3449,1,8.049000024795532,1.000999927520752,59.1531999985377,0.7961117425763544,2.1199135984978463,0,pass,
DLH5H_3c65ce_1738484925_1738488828,2025-02-02,3531,3531,0,13.999000072479248,1.0049998760223389,65.03564999898275,0.7243643412223228,2.4615097755506015,0,pass,
DLH5H_3c65ce_1740559171_1740563301,2025-02-26,4017,4017,0,8.812000036239624,1.002000093460083,68.87066666682561,1.2446812710229573,2.162719731096623,0,pass,
DLH5H_3c65ce_1741338397_1741342205,2025-03-07,3664,3664,0,8.603000164031982,1.001000165939331,63.43655000130335,0.6343476829308382,2.233618081549367,0,pass,
DLH5H_3c65ce_1741854814_1741858555,2025-03-13,3501,3501,0,9.386000156402588,1.002000093460083,62.33859999974569,1.535046726188948,3.8218015394262737,0,pass,
DLH5H_3c65ce_1745313404_1745317553,2025-04-22,3679,3678,1,18.145999908447266,1.003999948501587,69.11265000104905,0.7518002298634546,2.230827577233505,3,review,unresolved_position_jump
DLH5H_3c65ce_1745654704_1745658539,2025-04-26,2899,2895,4,115.71399998664856,1.0125000476837158,63.87319999933243,0.7836333034469168,2.6706394337046038,6,review,gap_over_limit;unresolved_position_jump
DLH5H_3c65ce_1745999495_1746003119,2025-04-30,2860,2855,5,45.16199994087219,1.008500099182129,60.3814333319664,0.9598062349329533,5.112034279487466,1,review,unresolved_position_jump
DLH5H_3c65ce_1747900802_1747904359,2025-05-22,3468,3468,0,4.106000185012817,1.001999855041504,59.25010000069936,1.2219465319227507,2.0437021728724463,0,pass,
DLH5H_3c65ce_1748160244_1748164011,2025-05-25,3618,3618,0,6.127000093460083,1.003999948501587,62.76276666720708,0.664878898249536,2.3094671151068913,0,pass,
DLH5H_3c65ce_1753689223_1753692827,2025-07-28,3434,3434,0,6.048999786376953,1.003000020980835,59.9604999979337,0.7265422592536833,2.892578508993716,0,pass,
DLH5H_3c65ce_1754898874_1754902379,2025-08-11,3288,3288,0,12.354999780654907,1.003000020980835,58.40063333113988,1.045315862996739,3.6006937792990334,0,pass,
DLH5H_3c65ce_1756887100_1756890959,2025-09-03,3658,3657,1,23.710999965667725,1.003000020980835,64.17750000158945,0.7919525554425055,2.614233916539438,1,review,unresolved_position_jump
DLH5H_3c65ce_1758873243_1758877165,2025-09-26,3480,3480,0,12.845999956130981,1.0090000629425049,65.30625,0.6621610409444131,0.5517478134366663,0,pass,
DLH5H_3c65d6_1735894080_1735898266,2025-01-03,4078,4078,0,4.940000057220459,1.002000093460083,69.79876666466394,1.3026726078929831,2.25178700751594,0,pass,
DLH5H_3c65d6_1736412344_1736416035,2025-01-09,3650,3650,0,5.144999980926514,1.0,61.501150000095365,1.2334957145646004,2.1645991514467013,0,pass,
DLH5H_3c65d6_1736672951_1736676749,2025-01-12,3698,3698,0,4.5,1.000999927520752,63.2933166662852,0.912100450205663,2.0440110368053235,0,pass,
DLH5H_3c65d6_1736757876_1736762069,2025-01-13,3750,3749,1,10.424999952316284,1.0059998035430908,69.86040000120799,1.4263239334259725,2.7370701231149015,0,pass,
DLH5H_3c65d6_1736844068_1736847874,2025-01-14,3483,3483,0,13.528000116348267,1.0049998760223389,63.45158333381017,1.26032498267515,5.009596609039544,0,pass,
DLH5H_3c65d6_1736930647_1736934619,2025-01-15,3585,3585,0,10.494999885559082,1.0079998970031738,66.31419999996821,1.432540762551556,5.0091627602915825,0,pass,
DLH5H_3c65d6_1737017527_1737021326,2025-01-16,3406,3406,0,16.520999908447266,1.0069999694824219,63.17464999755224,1.4696578524691737,3.0918206572722267,0,pass,
DLH5H_3c65d6_1737103290_1737107002,2025-01-17,3401,3400,1,35.235000133514404,1.0069999694824219,61.844883330663045,0.8470081689532872,5.030033969273173,0,pass,
DLH5H_3c65d6_1737189413_1737193358,2025-01-18,3598,3598,0,10.937999963760376,1.004000186920166,65.73801666498184,1.4835030686991388,5.061475027049062,0,pass,
DLH5H_3c65d6_1737275617_1737279649,2025-01-19,3641,3641,0,15.933000087738037,1.003999948501587,67.18701666593552,1.448675040195753,5.019475350562148,0,pass,
DLH5H_3c65d6_1737362883_1737367101,2025-01-20,4051,4051,0,5.666000127792358,1.002000093460083,70.28135000069936,0.8453791438790446,2.8541701052305517,0,pass,
DLH5H_3c65d6_1737448474_1737452546,2025-01-21,3807,3807,0,8.401999950408936,1.003000020980835,67.95796666940053,1.2169029068265653,2.799631626108425,0,pass,
DLH5H_3c65d6_1737535135_1737538933,2025-01-22,3615,3614,1,6.273999929428101,1.001999855041504,63.275233332316084,0.6598618098203505,2.8086035408852608,0,pass,
DLH5H_3c65d6_1737622182_1737625722,2025-01-23,3391,3391,0,5.468999862670898,1.003999948501587,58.91341666380564,0.8254831557859036,2.6282396359428817,0,pass,
DLH5H_3c65d6_1738140165_1738143928,2025-01-29,3609,3609,0,6.651000022888184,1.000999927520752,62.7089833299319,0.7144438371616085,2.2090704564232846,0,pass,
DLH5H_3c65d6_1738226574_1738230495,2025-01-30,3746,3746,0,6.642999887466431,1.002000093460083,65.25821666717529,0.9074144035372526,1.0834405932701296,0,pass,
DLH5H_3c65d6_1740041626_1740045471,2025-02-20,3746,3745,1,11.789000034332275,1.001999855041504,64.06570000251135,0.8960762707376455,2.7211124472612833,1,review,unresolved_position_jump
DLH5H_3c65d6_1741164163_1741168404,2025-03-05,4133,4133,0,5.884000062942505,1.0029999017715454,70.66393333673477,0.8504518481815402,2.162719731096623,0,pass,
DLH5H_3c65d6_1742979099_1742982929,2025-03-26,3530,3530,0,11.22000002861023,1.004000186920166,63.81623333295186,0.8400574635659109,4.993451417562845,0,pass,
DLH5H_3c65d6_1743065704_1743069269,2025-03-27,3296,3296,0,11.19599986076355,1.003999948501587,59.18641666571299,1.2241600642263495,4.681924446396693,0,pass,
DLH5H_3c65d6_1743579877_1743584214,2025-04-02,4110,4109,1,8.865000009536743,1.0049998760223389,72.24261666536331,0.944546070779647,2.8468788492482053,0,pass,
DLH5H_3c65d6_1744531170_1744535125,2025-04-13,3845,3845,0,7.510999917984009,1.003000020980835,65.9129666686058,0.6639485995307726,2.3768884429504484,0,pass,
DLH5H_3c65d6_1745221950_1745226385,2025-04-21,3851,3850,1,33.414000034332275,1.00600004196167,73.90690000057221,0.6420262245391821,1.5295331629952305,3,review,unresolved_position_jump
DLH5H_3c65d6_1746086054_1746089399,2025-05-01,2465,2456,9,40.5,1.0130000114440918,55.69198333422343,0.6610532460609323,5.482859105381409,6,review,unresolved_position_jump
DLH5H_3c65d6_1748851140_1748854819,2025-06-02,3561,3561,0,5.194000005722046,1.003000020980835,61.3058833360672,0.8471266293222564,1.9847115099771557,0,pass,
DLH5H_3c65d6_1748937212_1748941059,2025-06-03,3723,3723,0,7.072999954223633,1.000999927520752,64.07730000019073,0.7188066234089932,2.2063448796290346,0,pass,
DLH5H_3c65d6_1749541869_1749546255,2025-06-10,4209,4209,0,6.7850000858306885,1.000999927520752,73.0583666642507,0.8227532377111094,2.1199135984978463,0,pass,
DLH5H_3c65d6_1750061433_1750065509,2025-06-16,3878,3878,0,6.763999938964844,1.002000093460083,67.89809999863307,0.7039981669724666,2.184733577089004,0,pass,
DLH5H_3c65d6_1750146810_1750150308,2025-06-17,3281,3280,1,20.096999883651733,1.003999948501587,58.28846666812897,0.6700770857227125,5.108936827367115,0,pass,
DLH5H_3c65d6_1750319179_1750322696,2025-06-19,3258,3258,0,10.638999938964844,1.001999855041504,58.59928333361943,0.6770319803201634,5.0983541913021755,0,pass,
DLH5H_3c65d6_1751184210_1751187759,2025-06-29,3483,3483,0,3.5210001468658447,1.001000165939331,59.16178333361943,0.7736868316431855,2.1916867158486117,0,pass,
DLH5H_3c65d6_1751269991_1751273989,2025-06-30,3713,3713,0,11.00600004196167,1.005000114440918,66.58928333123525,0.755696449898718,5.144650910989144,0,pass,
DLH5H_3c65d6_1751355792_1751359336,2025-07-01,3357,3357,0,7.283999919891357,1.003000020980835,58.93905000289281,0.8530934355563418,5.193182122500658,0,pass,
DLH5H_3c65d6_1751702327_1751706146,2025-07-05,3573,3572,1,33.49600005149841,1.003000020980835,63.614233334859215,0.8255278890648633,2.119947964156957,0,pass,
DLH5H_3c65d6_1752046764_1752050770,2025-07-09,3894,3894,0,3.7699999809265137,1.001000165939331,66.69361666838329,0.7892456226934457,2.175042069886095,0,pass,
DLH5H_3c65d6_1754555301_1754558899,2025-08-07,3525,3525,0,6.802000045776367,1.0,59.914949997266135,0.9362507266633813,2.4655540182550295,0,pass,
DLH5H_3c65d6_1757576613_1757580704,2025-09-11,3948,3948,0,5.3450000286102295,1.003000020980835,68.1213333328565,0.9300578844194157,2.7831321561168756,0,pass,
DLH5H_3c65d6_1757663156_1757667077,2025-09-12,3807,3807,0,6.919000148773193,1.002000093460083,65.33071666558584,0.6718126382266427,2.9053534371291585,0,pass,
DLH5H_3c65d6_1758008442_1758012177,2025-09-16,3611,3611,0,6.673999786376953,1.001999855041504,62.225699996948244,0.794350014603541,2.7034906635924374,0,pass,
DLH5H_3c65d6_1759822446_1759826469,2025-10-07,3851,3851,0,5.234999895095825,1.004000186920166,67.00181666612625,0.6922833137536759,3.1066749375036498,0,pass,
DLH5H_3c65d6_1761814579_1761818429,2025-10-30,3742,3742,0,6.084000110626221,1.001000165939331,64.15586666663488,0.7831972621565906,2.5928196369788648,0,pass,
DLH5H_3c65d6_1763369710_1763373697,2025-11-17,3914,3914,0,4.074000120162964,1.0,66.43121666908264,0.7016579201131417,2.994184329969256,0,pass,
DLH5H_3c65d6_1763715671_1763719349,2025-11-21,3455,3455,0,7.541999816894531,1.003999948501587,61.13971666495005,0.64750460698288,1.7770296260207017,0,pass,
DLH5H_3c65d6_1765269563_1765273448,2025-12-09,3689,3689,0,9.282999992370605,1.002000093460083,64.73268333276113,0.7847618294018643,2.9623749449478693,0,pass,
DLH5H_3c65d6_1765967780_1765972008,2025-12-17,4119,4119,0,5.062999963760376,1.000999927520752,70.43158333301544,0.6349137611825246,2.9960912892004097,0,pass,
DLH5H_3c65d6_1767000184_1767003744,2025-12-29,3347,3346,1,22.471999883651733,1.003000020980835,59.30489999850591,0.634630355642954,1.0765268679799587,0,pass,
DLH5H_3c65d8_1742806260_1742810277,2025-03-24,3876,3876,0,6.758000135421753,1.002000093460083,66.9619166692098,0.6457947794186675,2.001615864756821,0,pass,
DLH5H_3c65d8_1743492990_1743496796,2025-04-01,3560,3560,0,9.194999933242798,1.003000020980835,63.43518333435058,0.6430506976954159,4.705737440673679,0,pass,
DLH5H_3c65d8_1743667329_1743671009,2025-04-03,3364,3362,2,16.246999979019165,1.003999948501587,61.31085000038147,0.7375672962689531,2.53889283361113,0,pass,
DLH5H_3c65d8_1743752910_1743756569,2025-04-04,3229,3227,2,13.059999942779541,1.0090000629425049,60.955449998378754,0.644835818941619,2.813961369702588,0,pass,
DLH5H_3c65d8_1747122437_1747126190,2025-05-13,2929,2923,6,21.799999952316284,1.0099999904632568,62.52979999780655,0.8682228984738771,4.972126133462189,6,review,unresolved_position_jump
DLH5H_3c65d8_1747728020_1747731563,2025-05-20,2064,2051,13,33.128000020980835,1.0390000343322754,59.00723333358765,0.9830592661550285,5.0983541913021755,20,review,unresolved_position_jump
DLH5H_3c65d8_1748765377_1748769232,2025-06-01,3784,3784,0,6.5960001945495605,1.000999927520752,64.22889999945959,0.7925918640007739,2.139101745239546,0,pass,
DLH5H_3c65d8_1749195935_1749200055,2025-06-06,3959,3959,0,7.882000207901001,1.002000093460083,68.64744999806086,0.6428747094440751,2.156587588821487,0,pass,
DLH5H_3c65d8_1749282294_1749285975,2025-06-07,3545,3545,0,5.251000165939331,1.001999855041504,61.3340166648229,0.732553948433526,2.195935525498363,0,pass,
DLH5H_3c65d8_1754466395_1754470271,2025-08-06,3749,3749,0,8.783999919891357,1.003999948501587,64.57903333504994,0.7882452764841165,3.176179633108232,0,pass,
DLH5H_3c65d8_1754811652_1754815028,2025-08-10,3179,3179,0,15.805999994277954,1.0049998760223389,56.24390000104904,0.8187438002592726,3.328853277396474,0,pass,
DLH5H_3c65d8_1754984874_1754988371,2025-08-12,3288,3288,0,6.60699987411499,1.003999948501587,58.28135000069936,0.662407299831194,3.528498232250292,0,pass,
DLH5H_3c65d8_1756110780_1756114339,2025-08-25,3486,3486,0,7.302999973297119,1.000999927520752,59.19639999866486,0.734884613351548,1.4723567539207332,0,pass,
DLH5H_3c65d8_1756625804_1756629615,2025-08-31,3632,3632,0,6.921999931335449,1.003000020980835,63.499183332920076,0.8706036132185448,3.1157396217322826,0,pass,
DLH5H_3c65d8_1757231988_1757235397,2025-09-07,3166,3166,0,10.858000040054321,1.003999948501587,56.798933335145314,0.6731562576665862,3.521030158071548,0,pass,
DLH5H_3c65d8_1757491394_1757495667,2025-09-10,3635,3635,0,12.36900019645691,1.0109999179840088,71.19804999828338,0.8857897036040886,3.7811534725831084,0,pass,
DLH5H_3c65d8_1757922949_1757927137,2025-09-15,4074,4074,0,5.269999980926514,1.003000020980835,69.77144999901454,0.8143411068311793,2.883044104382322,0,pass,
DLH5H_3c65d8_1758529998_1758533415,2025-09-22,3102,3102,0,12.680999994277954,1.0079998970031738,56.92883332967758,1.0551588855476315,1.1471390854823589,0,pass,
DLH5H_3c65d8_1758786085_1758789749,2025-09-25,3387,3387,0,9.761000156402588,1.00600004196167,61.0340833346049,0.8402139977686249,4.8256784516037134,0,pass,
DLH5H_3c65d8_1760081739_1760085443,2025-10-10,3582,3582,0,5.755000114440918,1.003000020980835,61.688366667429605,0.7995101688195704,2.648519734002592,0,pass,
DLH5H_3c65d9_1737881200_1737884897,2025-01-26,3564,3563,1,5.562000036239624,1.000999927520752,61.58538333177567,0.6837053452491274,0.9518736281936023,0,pass,
DLH5H_3c65d9_1738657980_1738662133,2025-02-04,4035,4035,0,3.930999994277954,1.003000020980835,69.21710000038146,0.9287231585271924,0.9359599795954051,0,pass,
DLH5H_3c65d9_1739868348_1739871718,2025-02-18,3109,3109,0,8.586999893188477,1.00600004196167,56.13855000336965,0.8256444230986754,4.735466676834308,0,pass,
DLH5H_3c65d9_1740300120_1740304077,2025-02-23,3864,3864,0,3.8430001735687256,1.002000093460083,65.9530833363533,0.912100450205663,2.3066319751866997,0,pass,
DLH5H_3c65d9_1740389945_1740393614,2025-02-24,3541,3541,0,8.124000072479248,1.002000093460083,61.131400001049045,1.0768839316708025,2.6897050400561584,0,pass,
DLH5H_3c65d9_1740905050_1740908788,2025-03-02,3468,3468,0,7.880000114440918,1.003000020980835,62.257083336512245,0.6578669439406333,4.783788227052751,0,pass,
DLH5H_3c65d9_1742460129_1742464095,2025-03-20,3846,3845,1,4.190999984741211,1.000999927520752,65.92948333422343,0.6616888989044104,2.1591711587772577,0,pass,
DLH5H_3c65d9_1744012620_1744016498,2025-04-07,3530,3530,0,15.533999919891357,1.00600004196167,64.63646666606267,0.7253759708762886,4.956654711192122,0,pass,
DLH5H_3c65d9_1744789855_1744794024,2025-04-16,3350,3347,3,19.805999994277954,1.0130000114440918,69.46711666981379,0.7945543512505239,2.2608329234788904,1,review,unresolved_position_jump
DLH5H_3c65d9_1744876474_1744880544,2025-04-17,3522,3519,3,34.71399998664856,1.0069999694824219,67.7873500029246,0.8623533733141384,4.880454554269283,0,pass,
DLH5H_3c65d9_1749974406_1749978537,2025-06-15,3985,3985,0,5.865000009536743,1.001000165939331,68.83461666901907,0.8069864303160214,2.2627628835632656,0,pass,
DLH5H_3c65d9_1752566280_1752569950,2025-07-15,3545,3545,0,7.796000003814697,1.003000020980835,61.156150003274284,0.6684501193724846,1.9844591028114522,0,pass,
DLH5H_3c65d9_1753343611_1753347657,2025-07-24,3942,3942,0,4.283999919891357,1.003000020980835,67.4103166659673,0.8481253358482455,2.573826806870416,0,pass,
DLH5H_3c65d9_1753515762_1753519468,2025-07-26,3336,3336,0,14.05299997329712,1.005000114440918,61.74481666882833,0.7788936117558746,0.9681531145986184,0,pass,
DLH5H_3c65d9_1754121910_1754125547,2025-08-02,3461,3461,0,8.881999969482422,1.002000093460083,60.59443333546321,0.6765445856125053,0.7180836475729582,0,pass,
DLH5H_3c65d9_1756281240_1756284887,2025-08-27,3477,3477,0,6.5290000438690186,1.003000020980835,60.75623333454132,0.664878898249536,2.863490599183987,0,pass,
DLH5H_3c65d9_1757058017_1757062109,2025-09-05,3904,3904,0,6.348999977111816,1.003999948501587,68.14468333323796,0.8155465630421324,2.373530028138175,0,pass,
DLH5H_3c65d9_1759995787_1759999973,2025-10-09,4010,4010,0,9.91100001335144,1.002000093460083,69.75630000034968,0.6406275038281252,0.9407114683922801,0,pass,
DLH5H_3c65d9_1761118489_1761122367,2025-10-22,3771,3771,0,4.763000011444092,1.000999927520752,64.6191499988238,0.8864516374755804,2.994184329969256,0,pass,
DLH5H_3c65d9_1761292080_1761295877,2025-10-24,3673,3673,0,5.63700008392334,1.003000020980835,63.29716666936874,0.6528711568204396,2.979458495680256,0,pass,
DLH5H_3c65d9_1763801022_1763805267,2025-11-22,4155,4155,0,4.825000047683716,1.000999927520752,70.71973333358764,0.624135869406681,2.2459687674514743,0,pass,
DLH5H_3c65d9_1764233622_1764237567,2025-11-27,3764,3764,0,5.562000036239624,1.003000020980835,65.7444333354632,0.8036815932875983,3.0480671835741098,0,pass,
DLH5H_3c65d9_1764579740_1764583780,2025-12-01,3927,3927,0,4.934000015258789,1.002000093460083,67.3047666668892,0.7064049272391527,3.0089310905258277,0,pass,
DLH5H_3c65d9_1764838059_1764841688,2025-12-04,3445,3445,0,5.263999938964844,1.0010000467300415,60.46349999904633,0.6575032820649913,2.445120803031616,0,pass,
DLH5H_3c65d9_1766134261_1766138248,2025-12-19,3921,3921,0,4.872999906539917,1.0,66.42153333028158,0.6819372674693378,0.6276047411650171,0,pass,
DLH5H_3c65d9_1766911864_1766915997,2025-12-28,3873,3872,1,25.236999988555908,1.003999948501587,68.862566669782,0.9764786483397033,0.5628824300414745,0,pass,
DLH5H_3c65da_1761987660_1761991337,2025-11-01,3570,3570,0,8.074999809265137,1.002000093460083,61.19259999990463,0.823575633800499,2.6759477169317365,0,pass,
DLH5H_3c65da_1762332151_1762336042,2025-11-05,3782,3782,0,4.5309998989105225,1.003000020980835,64.8016666650772,0.7080268199610971,0.6614613539495848,0,pass,
DLH5H_3c65da_1763973558_1763977512,2025-11-24,3823,3823,0,5.914999961853027,1.003000020980835,65.8679166674614,0.7959948001723282,2.929711945853076,0,pass,
DLH5H_3c65da_1764060351_1764064948,2025-11-25,3935,3935,0,58.073999881744385,1.005000114440918,76.59665000041326,0.7905606697785313,0.3266877156677329,1,review,unresolved_position_jump
DLH5H_3c65da_1765183760_1765187471,2025-12-08,3625,3625,0,6.0269999504089355,1.002000093460083,61.82998333374659,0.7823020208431711,0.810418365013198,0,pass,
DLH5H_3c65da_1765443519_1765447757,2025-12-11,4103,4103,0,5.680999994277954,1.000999927520752,70.62436666488648,0.8755464047723022,3.1012419834465645,0,pass,
DLH5H_3c65da_1765530533_1765534229,2025-12-12,3527,3527,0,7.999000072479248,1.003000020980835,61.5746333360672,0.7146055441437491,3.1542337514315206,0,pass,
DLH5H_3c65da_1766220452_1766224049,2025-12-20,3452,3452,0,7.08299994468689,1.003000020980835,59.84670000076294,0.7882881690653794,3.907697100409927,0,pass,
DLH5H_3c65da_1767083920_1767087538,2025-12-30,3521,3521,0,7.32699990272522,1.003000020980835,60.279683331648506,0.6411561397722155,4.261940555068741,0,pass,
DLH5H_3c65da_1767170422_1767174384,2025-12-31,3894,3894,0,8.175999879837036,1.000999927520752,65.98016666968664,0.639660797758779,0.856282427915841,0,pass,
