time,icao24,callsign,lat,lon,lastposupdate,lastcontact,flight_id,source_csv_line,state_time_unix,position_age_sec,contact_age_sec,removal_reason
2025-03-08 09:41:17+00:00,3c6541,DLH5H,50.02583312988281,8.45079923930921,1741426861.221,1741426876.872,DLH5H_3c6541_1741423292_1741426917,10239,1741426877.0,15.779000043869019,0.12800002098083496,stale_or_invalid_position_time
2025-03-22 08:44:19+00:00,3c6541,DLH5H,51.4665015269134,-0.4871177673339844,1742632937.845,1742633050.241,DLH5H_3c6541_1742633059_1742636875,13942,1742633059.0,121.15499997138977,8.759000062942505,stale_or_invalid_position_time
2025-05-03 08:02:33+00:00,3c6541,DLH5H,51.16346740722656,0.7561266100084459,1746259334.26,1746259352.994,DLH5H_3c6541_1746258649_1746262629,25545,1746259353.0,18.740000009536743,0.006000041961669922,stale_or_invalid_position_time
2025-05-03 08:02:34+00:00,3c6541,DLH5H,51.17636470471398,0.2796173095703125,1746259353.305,1746259353.993,DLH5H_3c6541_1746258649_1746262629,25546,1746259354.0,0.6949999332427979,0.006999969482421875,short_position_spike
2025-05-03 08:02:36+00:00,3c6541,DLH5H,51.17557331667108,0.3070831298828125,1746259355.84,1746259355.997,DLH5H_3c6541_1746258649_1746262629,25547,1746259356.0,0.16000008583068848,0.003000020980834961,short_position_spike
2025-05-03 08:02:42+00:00,3c6541,DLH5H,51.17524745100636,0.31982421875,1746259356.971,1746259361.987,DLH5H_3c6541_1746258649_1746262629,25548,1746259362.0,5.0290000438690186,0.013000011444091797,short_position_spike
2025-05-03 08:20:01+00:00,3c6541,DLH5H,50.80073469776218,3.977584838867188,1746260400.819,1746260400.999,DLH5H_3c6541_1746258649_1746262629,26444,1746260401.0,0.1809999942779541,0.0009999275207519531,short_position_spike
2025-05-03 08:24:01+00:00,3c6541,DLH5H,50.61694646285752,5.0410172745988175,1746260622.42,1746260640.982,DLH5H_3c6541_1746258649_1746262629,26557,1746260641.0,18.579999923706055,0.017999887466430664,stale_or_invalid_position_time
2025-05-03 08:24:50+00:00,3c6541,DLH5H,50.59194946289063,5.180921052631579,1746260666.443,1746260689.985,DLH5H_3c6541_1746258649_1746262629,26562,1746260690.0,23.556999921798706,0.015000104904174805,stale_or_invalid_position_time
2025-05-08 08:19:05+00:00,3c6541,DLH5H,50.88685633772511,3.263092041015625,1746692344.494,1746692345.0,DLH5H_3c6541_1746690764_1746694579,29655,1746692345.0,0.5060000419616699,0.0,short_position_spike
2025-05-08 08:19:06+00:00,3c6541,DLH5H,50.8800597110037,3.3074951171875,1746692345.326,1746692345.994,DLH5H_3c6541_1746690764_1746694579,29656,1746692346.0,0.6740000247955322,0.006000041961669922,short_position_spike
2025-05-08 08:28:43+00:00,3c6541,DLH5H,50.569610595703125,5.206507632606908,1746692913.985,1746692922.988,DLH5H_3c6541_1746690764_1746694579,29966,1746692923.0,9.015000104904175,0.012000083923339844,short_position_spike
2025-05-08 08:29:58+00:00,3c6541,DLH5H,50.68537902832031,4.523397909628378,1746692993.799,1746692998.0,DLH5H_3c6541_1746690764_1746694579,29978,1746692998.0,4.200999975204468,0.0,short_position_spike
2025-05-08 08:30:09+00:00,3c6541,DLH5H,50.47603283898305,5.740653373099662,1746693007.882,1746693008.978,DLH5H_3c6541_1746690764_1746694579,29981,1746693009.0,1.1180000305175781,0.02200007438659668,short_position_spike
2025-05-08 08:30:11+00:00,3c6541,DLH5H,50.47508239746094,5.74606644479852,1746693010.746,1746693010.976,DLH5H_3c6541_1746690764_1746694579,29982,1746693011.0,0.2539999485015869,0.023999929428100586,short_position_spike
2025-05-08 08:30:18+00:00,3c6541,DLH5H,50.4686279296875,5.782277960526315,1746693017.043,1746693017.999,DLH5H_3c6541_1746690764_1746694579,29983,1746693018.0,0.9570000171661377,0.0009999275207519531,short_position_spike
2025-05-08 08:30:28+00:00,3c6541,DLH5H,50.467606883938025,5.787864891258446,1746693018.008,1746693027.849,DLH5H_3c6541_1746690764_1746694579,29984,1746693028.0,9.992000102996826,0.1510000228881836,short_position_spike
2025-05-09 08:19:51+00:00,3c6541,DLH5H,51.005517991922666,2.293853759765625,1746778760.636,1746778790.999,DLH5H_3c6541_1746777635_1746781469,32046,1746778791.0,30.36400008201599,0.0009999275207519531,stale_or_invalid_position_time
2025-05-09 09:03:21+00:00,3c6541,DLH5H,49.99133093882415,8.30692600559544,1746781400.826,1746781400.994,DLH5H_3c6541_1746777635_1746781469,34116,1746781401.0,0.17400002479553223,0.006000041961669922,short_position_spike
2025-05-09 09:03:47+00:00,3c6541,DLH5H,49.96453857421875,8.19558394582648,1746781426.948,1746781426.948,DLH5H_3c6541_1746777635_1746781469,34121,1746781427.0,0.05200004577636719,0.05200004577636719,short_position_spike
2025-05-09 09:03:48+00:00,3c6541,DLH5H,49.96705627441406,8.20548609683388,1746781427.965,1746781427.972,DLH5H_3c6541_1746777635_1746781469,34122,1746781428.0,0.03500008583068848,0.0280001163482666,short_position_spike
2025-05-09 09:03:49+00:00,3c6541,DLH5H,49.97149968551377,8.224008921030405,1746781428.974,1746781428.983,DLH5H_3c6541_1746777635_1746781469,34123,1746781429.0,0.026000022888183594,0.01699995994567871,short_position_spike
2025-05-09 09:03:55+00:00,3c6541,DLH5H,49.974700927734375,8.237866853412829,1746781429.541,1746781434.601,DLH5H_3c6541_1746777635_1746781469,34124,1746781435.0,5.459000110626221,0.3989999294281006,short_position_spike
2025-05-09 09:04:11+00:00,3c6541,DLH5H,50.00688171386719,8.370714689555921,1746781450.856,1746781450.856,DLH5H_3c6541_1746777635_1746781469,34129,1746781451.0,0.14400005340576172,0.14400005340576172,short_position_spike
2025-05-09 09:04:12+00:00,3c6541,DLH5H,50.01118469238281,8.389362535978618,1746781451.871,1746781451.939,DLH5H_3c6541_1746777635_1746781469,34130,1746781452.0,0.12899994850158691,0.06100010871887207,short_position_spike
2025-08-22 08:39:03+00:00,3c6541,DLH5H,49.948735641220864,8.024844607791385,1755851927.987,1755851942.831,DLH5H_3c6541_1755848714_1755852323,48568,1755851943.0,15.013000011444092,0.16899991035461426,stale_or_invalid_position_time
2025-05-11 08:02:46+00:00,3c6542,DLH5H,51.28441244868909,1.360931396484375,1746950549.486,1746950565.999,DLH5H_3c6542_1746949762_1746953270,73590,1746950566.0,16.513999938964844,0.0009999275207519531,stale_or_invalid_position_time
2025-05-11 08:08:40+00:00,3c6542,DLH5H,51.15532309322034,2.4371337890625,1746950904.544,1746950919.962,DLH5H_3c6542_1746949762_1746953270,73880,1746950920.0,15.456000089645386,0.03800010681152344,stale_or_invalid_position_time
2025-05-11 08:14:29+00:00,3c6542,DLH5H,50.9849853515625,3.398190060177365,1746951268.792,1746951268.973,DLH5H_3c6542_1746949762_1746953270,74130,1746951269.0,0.20799994468688965,0.026999950408935547,short_position_spike
2025-05-11 08:14:30+00:00,3c6542,DLH5H,50.98475569385593,3.3997344970703125,1746951269.125,1746951269.999,DLH5H_3c6542_1746949762_1746953270,74131,1746951270.0,0.875,0.0009999275207519531,short_position_spike
2025-05-11 08:17:30+00:00,3c6542,DLH5H,50.86702508441472,4.035568237304688,1746951433.394,1746951449.873,DLH5H_3c6542_1746949762_1746953270,74201,1746951450.0,16.60599994659424,0.127000093460083,stale_or_invalid_position_time
2025-05-11 08:19:06+00:00,3c6542,DLH5H,50.82980346679688,4.232928301836993,1746951529.371,1746951545.995,DLH5H_3c6542_1746949762_1746953270,74220,1746951546.0,16.628999948501587,0.005000114440917969,stale_or_invalid_position_time
2025-05-11 08:19:07+00:00,3c6542,DLH5H,50.95705711235434,3.552474975585937,1746951546.844,1746951546.995,DLH5H_3c6542_1746949762_1746953270,74221,1746951547.0,0.15599989891052246,0.005000114440917969,short_position_spike
2025-05-11 08:19:08+00:00,3c6542,DLH5H,50.93769138142214,3.657379150390625,1746951547.983,1746951547.999,DLH5H_3c6542_1746949762_1746953270,74222,1746951548.0,0.01699995994567871,0.0009999275207519531,short_position_spike
2025-05-11 08:19:09+00:00,3c6542,DLH5H,50.9232136354608,3.7355804443359375,1746951548.772,1746951549.0,DLH5H_3c6542_1746949762_1746953270,74223,1746951549.0,0.22799992561340332,0.0,short_position_spike
2025-05-11 08:19:11+00:00,3c6542,DLH5H,50.8948974609375,3.8874528214738175,1746951550.966,1746951550.993,DLH5H_3c6542_1746949762_1746953270,74224,1746951551.0,0.03399991989135742,0.006999969482421875,short_position_spike
2025-05-11 08:20:47+00:00,3c6542,DLH5H,50.75294494628906,4.631776551942568,1746951628.371,1746951646.991,DLH5H_3c6542_1746949762_1746953270,74258,1746951647.0,18.628999948501587,0.009000062942504883,stale_or_invalid_position_time
2025-05-11 08:37:41+00:00,3c6542,DLH5H,50.16426086425781,7.450031481291118,1746952645.123,1746952660.995,DLH5H_3c6542_1746949762_1746953270,75084,1746952661.0,15.877000093460083,0.005000114440917969,stale_or_invalid_position_time
2025-12-14 09:58:38+00:00,3c6542,DLH5H,50.04330825805664,8.547580116673519,1765706297.742,1765706313.836,DLH5H_3c6542_1765702156_1765706364,112995,1765706318.0,20.257999897003174,4.164000034332275,stale_or_invalid_position_time
2025-04-28 08:18:27+00:00,3c6544,DLH5H,50.8889511884269,3.36273193359375,1745828280.192,1745828306.972,DLH5H_3c6544_1745826676_1745830377,153258,1745828307.0,26.808000087738037,0.0280001163482666,stale_or_invalid_position_time
2025-05-21 08:23:58+00:00,3c6544,DLH5H,52.15983581542969,3.552398681640625,1747815820.055,1747815837.991,DLH5H_3c6544_1747814134_1747818290,156592,1747815838.0,17.944999933242798,0.009000062942504883,stale_or_invalid_position_time
2025-05-21 08:31:17+00:00,3c6544,DLH5H,51.82388305664063,4.976658176731419,1747816259.905,1747816276.998,DLH5H_3c6544_1747814134_1747818290,156745,1747816277.0,17.09500002861023,0.002000093460083008,stale_or_invalid_position_time
2025-05-21 08:38:40+00:00,3c6544,DLH5H,51.46969035520392,6.38427734375,1747816703.396,1747816720.0,DLH5H_3c6544_1747814134_1747818290,156961,1747816720.0,16.604000091552734,0.0,stale_or_invalid_position_time
2025-05-21 08:38:51+00:00,3c6544,DLH5H,51.61907958984375,5.80211742504223,1747816730.692,1747816730.999,DLH5H_3c6544_1747814134_1747818290,156962,1747816731.0,0.3080000877380371,0.0009999275207519531,short_position_spike
2025-05-21 08:38:52+00:00,3c6544,DLH5H,51.59468078613281,5.897876636402027,1747816731.284,1747816732.0,DLH5H_3c6544_1747814134_1747818290,156963,1747816732.0,0.7160000801086426,0.0,short_position_spike
2025-05-23 08:05:21+00:00,3c6544,DLH5H,50.99771118164063,2.5131967905405403,1747987498.417,1747987520.995,DLH5H_3c6544_1747986303_1747990270,159219,1747987521.0,22.58299994468689,0.005000114440917969,stale_or_invalid_position_time
2025-05-23 08:07:57+00:00,3c6544,DLH5H,50.921630859375,3.025665283203125,1747987661.379,1747987676.978,DLH5H_3c6544_1747986303_1747990270,159281,1747987677.0,15.621000051498413,0.02200007438659668,stale_or_invalid_position_time
2025-05-23 08:10:37+00:00,3c6544,DLH5H,50.8447265625,3.524829761402027,1747987818.333,1747987836.957,DLH5H_3c6544_1747986303_1747990270,159352,1747987837.0,18.66700005531311,0.042999982833862305,stale_or_invalid_position_time
2025-05-23 08:11:06+00:00,3c6544,DLH5H,50.82969018968485,3.621368408203125,1747987849.57,1747987866.0,DLH5H_3c6544_1747986303_1747990270,159353,1747987866.0,16.430000066757202,0.0,stale_or_invalid_position_time
2025-05-23 08:31:15+00:00,3c6544,DLH5H,50.17964172363281,7.19539441560444,1747989051.069,1747989074.915,DLH5H_3c6544_1747986303_1747990270,160259,1747989075.0,23.930999994277954,0.08500003814697266,stale_or_invalid_position_time
2025-05-23 08:32:32+00:00,3c6544,DLH5H,50.134711831302965,7.379397830447635,1747989128.708,1747989151.923,DLH5H_3c6544_1747986303_1747990270,160270,1747989152.0,23.29200005531311,0.07699990272521973,stale_or_invalid_position_time
2025-05-23 08:33:55+00:00,3c6544,DLH5H,50.0850871457892,7.58056640625,1747989216.421,1747989234.967,DLH5H_3c6544_1747986303_1747990270,160275,1747989235.0,18.578999996185303,0.03299999237060547,stale_or_invalid_position_time
2025-01-11 08:42:18+00:00,3c65c1,DLH5H,51.46651316497285,-0.4815864562988281,1736584828.159,1736584937.997,DLH5H_3c65c1_1736584938_1736588836,197453,1736584938.0,109.84100008010864,0.003000020980834961,stale_or_invalid_position_time
2025-02-10 08:54:04+00:00,3c65c1,DLH5H,51.46640396118164,-0.4874255206133853,1739177509.167,1739177643.787,DLH5H_3c65c1_1739177644_1739181316,205006,1739177644.0,134.8329999446869,0.21300005912780762,stale_or_invalid_position_time
2025-03-06 08:51:44+00:00,3c65c1,DLH5H,51.467595504502114,-0.54595947265625,1741251095.489,1741251103.969,DLH5H_3c65c1_1741250690_1741254884,212211,1741251104.0,8.510999917984009,0.03099989891052246,short_position_spike
2025-04-25 08:15:17+00:00,3c65c1,DLH5H,50.90135192871094,3.5552648595861487,1745568916.712,1745568916.966,DLH5H_3c65c1_1745567475_1745571059,223930,1745568917.0,0.28800010681152344,0.03399991989135742,short_position_spike
2025-04-25 08:18:50+00:00,3c65c1,DLH5H,50.89421159130031,3.596954345703125,1745569129.441,1745569129.963,DLH5H_3c65c1_1745567475_1745571059,224054,1745569130.0,0.5590000152587891,0.03699994087219238,short_position_spike
2025-04-27 07:57:30+00:00,3c65c1,DLH5H,51.21528625488281,9.923994734480576,1745740649.981,1745740649.981,DLH5H_3c65c1_1745740182_1745743749,225819,1745740650.0,0.01900005340576172,0.01900005340576172,short_position_spike
2025-04-27 07:57:41+00:00,3c65c1,DLH5H,51.21528625488281,9.923994734480576,1745740650.179,1745740660.993,DLH5H_3c65c1_1745740182_1745743749,225820,1745740661.0,10.821000099182129,0.006999969482421875,short_position_spike
2025-04-27 08:01:27+00:00,3c65c1,DLH5H,51.1776123046875,0.721386058910473,1745740886.432,1745740886.996,DLH5H_3c65c1_1745740182_1745743749,225905,1745740887.0,0.568000078201294,0.003999948501586914,short_position_spike
2025-04-27 08:17:58+00:00,3c65c1,DLH5H,50.74864274364406,4.034194946289063,1745741860.135,1745741877.998,DLH5H_3c65c1_1745740182_1745743749,226750,1745741878.0,17.865000009536743,0.002000093460083008,stale_or_invalid_position_time
2025-04-27 08:18:09+00:00,3c65c1,DLH5H,50.73756331104343,4.1046905517578125,1745741882.995,1745741888.981,DLH5H_3c65c1_1745740182_1745743749,226752,1745741889.0,6.005000114440918,0.01900005340576172,short_position_spike
2025-04-27 08:18:28+00:00,3c65c1,DLH5H,50.732208251953125,4.138653729413007,1745741893.819,1745741907.994,DLH5H_3c65c1_1745740182_1745743749,226753,1745741908.0,14.180999994277954,0.006000041961669922,short_position_spike
2025-05-10 08:14:39+00:00,3c65c1,DLH5H,50.83200073242188,3.9293196394636825,1746864878.968,1746864878.998,DLH5H_3c65c1_1746863131_1746866808,229522,1746864879.0,0.032000064849853516,0.002000093460083008,short_position_spike
2025-05-10 08:14:40+00:00,3c65c1,DLH5H,50.827222921080505,3.957061767578125,1746864879.621,1746864879.996,DLH5H_3c65c1_1746863131_1746866808,229523,1746864880.0,0.3789999485015869,0.003999948501586914,short_position_spike
2025-05-10 08:18:30+00:00,3c65c1,DLH5H,50.7306735798464,4.505538940429688,1746865097.986,1746865109.979,DLH5H_3c65c1_1746863131_1746866808,229626,1746865110.0,12.013999938964844,0.020999908447265625,short_position_spike
2025-05-10 08:20:28+00:00,3c65c1,DLH5H,50.59939626920021,5.225038270692568,1746865211.738,1746865227.987,DLH5H_3c65c1_1746863131_1746866808,229650,1746865228.0,16.26200008392334,0.013000011444091797,stale_or_invalid_position_time
2025-10-21 07:56:52+00:00,3c65c1,DLH5H,51.46449279785156,-0.5075238202069272,1761033411.958,1761033411.958,DLH5H_3c65c1_1761032970_1761036623,259480,1761033412.0,0.04200005531311035,0.04200005531311035,short_position_spike
2025-10-21 07:56:53+00:00,3c65c1,DLH5H,51.4641506389036,-0.51483154296875,1761033412.043,1761033412.931,DLH5H_3c65c1_1761032970_1761036623,259481,1761033413.0,0.9570000171661377,0.0690000057220459,short_position_spike
2025-10-27 09:30:57+00:00,3c65c1,DLH5H,51.073333740234375,7.3018996779983105,1761557437.602,1761557456.994,DLH5H_3c65c1_1761554821_1761558792,265014,1761557457.0,19.39800000190735,0.006000041961669922,stale_or_invalid_position_time
2025-10-27 09:31:52+00:00,3c65c1,DLH5H,50.99951275324417,7.454299926757812,1761557495.564,1761557511.974,DLH5H_3c65c1_1761554821_1761558792,265029,1761557512.0,16.436000108718872,0.026000022888183594,stale_or_invalid_position_time
2025-03-11 08:58:52+00:00,3c65c2,DLH5H,51.46540832519531,-0.4821179364178647,1741683471.994,1741683531.314,DLH5H_3c65c2_1741683532_1741687390,288491,1741683532.0,60.00600004196167,0.6860001087188721,stale_or_invalid_position_time
2025-03-15 08:32:46+00:00,3c65c2,DLH5H,51.46505840754104,-0.4821205139160156,1742027452.789,1742027565.719,DLH5H_3c65c2_1742027566_1742031412,292242,1742027566.0,113.21099996566772,0.28099989891052246,stale_or_invalid_position_time
2025-12-22 09:52:03+00:00,3c65c2,DLH5H,50.03773498535156,8.499876323499176,1766397100.064,1766397109.997,DLH5H_3c65c2_1766393354_1766397535,321831,1766397123.0,22.936000108718872,13.003000020980835,stale_or_invalid_position_time
2025-12-22 09:55:37+00:00,3c65c2,DLH5H,50.040653228759766,8.552061382092926,1766397317.652,1766397333.817,DLH5H_3c65c2_1766393354_1766397535,321923,1766397337.0,19.348000049591064,3.183000087738037,stale_or_invalid_position_time
2025-12-22 09:58:03+00:00,3c65c2,DLH5H,50.042083740234375,8.558060495476973,1766397467.172,1766397482.302,DLH5H_3c65c2_1766393354_1766397535,321994,1766397483.0,15.82800006866455,0.6979999542236328,stale_or_invalid_position_time
2025-04-29 07:58:41+00:00,3c65c3,DLH5H,51.425884699417374,-0.175323486328125,1745913520.31,1745913520.982,DLH5H_3c65c3_1745913211_1745917015,322282,1745913521.0,0.690000057220459,0.017999887466430664,short_position_spike
2025-04-29 07:58:42+00:00,3c65c3,DLH5H,51.42301940917969,-0.1184741870777088,1745913521.715,1745913521.999,DLH5H_3c65c3_1745913211_1745917015,322283,1745913522.0,0.2850000858306885,0.0009999275207519531,short_position_spike
2025-04-29 07:58:43+00:00,3c65c3,DLH5H,51.42141568458686,-0.08758544921875,1745913522.322,1745913523.0,DLH5H_3c65c3_1745913211_1745917015,322284,1745913523.0,0.6779999732971191,0.0,short_position_spike
2025-05-02 08:10:30+00:00,3c65c3,DLH5H,51.27438354492188,-0.2797059755067721,1746173411.258,1746173429.984,DLH5H_3c65c3_1746172945_1746176635,325606,1746173430.0,18.742000102996826,0.016000032424926758,stale_or_invalid_position_time
2025-05-02 08:14:35+00:00,3c65c3,DLH5H,51.180908203125,0.7933910472972973,1746173674.195,1746173674.986,DLH5H_3c65c3_1746172945_1746176635,325770,1746173675.0,0.8050000667572021,0.01399993896484375,short_position_spike
2025-05-02 08:19:11+00:00,3c65c3,DLH5H,51.16053771972656,1.8336033176731417,1746173921.492,1746173950.952,DLH5H_3c65c3_1746172945_1746176635,325897,1746173951.0,29.507999897003174,0.04800009727478027,stale_or_invalid_position_time
2025-05-02 08:19:59+00:00,3c65c3,DLH5H,51.159978317002114,2.033309936523437,1746173974.834,1746173998.989,DLH5H_3c65c3_1746172945_1746176635,325900,1746173999.0,24.16599988937378,0.010999917984008789,stale_or_invalid_position_time
2025-05-12 08:56:19+00:00,3c65c3,DLH5H,50.340472722457626,7.206511626372467,1747040161.975,1747040178.998,DLH5H_3c65c3_1747037395_1747041488,330667,1747040179.0,17.02500009536743,0.002000093460083008,stale_or_invalid_position_time
2025-05-12 09:00:19+00:00,3c65c3,DLH5H,50.1340135477357,7.637799237225507,1747040402.675,1747040418.897,DLH5H_3c65c3_1747037395_1747041488,330782,1747040419.0,16.325000047683716,0.10299992561340332,stale_or_invalid_position_time
2025-05-12 09:00:41+00:00,3c65c3,DLH5H,50.30122918597722,7.290022566511825,1747040419.415,1747040440.999,DLH5H_3c65c3_1747037395_1747041488,330783,1747040441.0,21.585000038146973,0.0009999275207519531,stale_or_invalid_position_time
2025-02-19 08:37:11+00:00,3c65c5,DLH5H,51.46481323242188,-0.4746576257654169,1739954148.366,1739954230.791,DLH5H_3c65c5_1739954231_1739957766,383579,1739954231.0,82.6340000629425,0.2090001106262207,stale_or_invalid_position_time
2025-04-06 07:54:06+00:00,3c65c5,DLH5H,51.46481323242188,-0.4757525469805743,1743926030.387,1743926045.456,DLH5H_3c65c5_1743926046_1743929518,390203,1743926046.0,15.61299991607666,0.5439999103546143,stale_or_invalid_position_time
2025-04-15 07:50:31+00:00,3c65c5,DLH5H,51.38690185546875,10.38326778927365,1744703430.949,1744703430.995,DLH5H_3c65c5_1744702870_1744706617,397198,1744703431.0,0.051000118255615234,0.005000114440917969,short_position_spike
2025-04-15 07:50:32+00:00,3c65c5,DLH5H,51.38690185546875,10.38326778927365,1744703431.019,1744703431.985,DLH5H_3c65c5_1744702870_1744706617,397199,1744703432.0,0.9809999465942383,0.015000104904174805,short_position_spike
2025-04-15 07:50:44+00:00,3c65c5,DLH5H,51.38685607910156,10.394031421558276,1744703434.858,1744703443.976,DLH5H_3c65c5_1744702870_1744706617,397200,1744703444.0,9.141999959945679,0.023999929428100586,short_position_spike
2025-04-15 07:57:59+00:00,3c65c5,DLH5H,51.28171241889565,1.4704132080078125,1744703878.437,1744703878.887,DLH5H_3c65c5_1744702870_1744706617,397555,1744703879.0,0.562999963760376,0.11299991607666016,short_position_spike
2025-04-15 08:30:48+00:00,3c65c5,DLH5H,50.16632080078125,7.4007766311233105,1744705832.219,1744705848.0,DLH5H_3c65c5_1744702870_1744706617,399112,1744705848.0,15.780999898910522,0.0,stale_or_invalid_position_time
2025-04-15 08:31:22+00:00,3c65c5,DLH5H,50.17032429323358,7.379917454075169,1744705880.7,1744705881.978,DLH5H_3c65c5_1744702870_1744706617,399118,1744705882.0,1.2999999523162842,0.02200007438659668,short_position_spike
2025-11-08 08:33:16+00:00,3c65c5,,51.46493038888705,-0.4410362243652344,1762590742.88,1762590795.914,DLH5H_3c65c5_1762590796_1762594719,431875,1762590796.0,53.11999988555908,0.08599996566772461,stale_or_invalid_position_time
2025-02-09 08:47:20+00:00,3c65c6,DLH5H,51.46596617617849,-0.4876899719238281,1739090672.009,1739090839.281,DLH5H_3c65c6_1739090840_1739094569,443444,1739090840.0,167.9909999370575,0.7190001010894775,stale_or_invalid_position_time
2025-04-18 08:25:19+00:00,3c65c6,DLH5H,50.43655654131356,6.045672442461993,1744964713.805,1744964718.997,DLH5H_3c65c6_1744962355_1744966697,457107,1744964719.0,5.194999933242798,0.003000020980834961,short_position_spike
2025-04-18 08:33:39+00:00,3c65c6,DLH5H,50.12397766113281,7.455235531455592,1744965200.719,1744965218.997,DLH5H_3c65c6_1744962355_1744966697,457542,1744965219.0,18.280999898910522,0.003000020980834961,stale_or_invalid_position_time
2025-05-05 08:00:25+00:00,3c65c6,DLH5H,51.362823486328125,0.1757070180532094,1746432022.885,1746432024.935,DLH5H_3c65c6_1746431569_1746435119,459269,1746432025.0,2.115000009536743,0.06500005722045898,short_position_spike
2025-05-05 08:00:26+00:00,3c65c6,DLH5H,51.35911560058594,0.2096310177364864,1746432025.638,1746432025.987,DLH5H_3c65c6_1746431569_1746435119,459270,1746432026.0,0.3619999885559082,0.013000011444091797,short_position_spike
2025-05-05 08:03:45+00:00,3c65c6,DLH5H,51.27971067266949,0.947265625,1746432221.007,1746432224.993,DLH5H_3c65c6_1746431569_1746435119,459357,1746432225.0,3.993000030517578,0.006999969482421875,short_position_spike
2025-05-05 08:04:02+00:00,3c65c6,DLH5H,51.32405090332031,0.5356577280405406,1746432241.991,1746432241.991,DLH5H_3c65c6_1746431569_1746435119,459360,1746432242.0,0.009000062942504883,0.009000062942504883,short_position_spike
2025-05-05 08:04:03+00:00,3c65c6,DLH5H,51.31736755371094,0.5989033467060811,1746432242.834,1746432242.997,DLH5H_3c65c6_1746431569_1746435119,459361,1746432243.0,0.1659998893737793,0.003000020980834961,short_position_spike
2025-05-05 08:04:04+00:00,3c65c6,DLH5H,51.30913168697034,0.6760406494140625,1746432243.951,1746432243.969,DLH5H_3c65c6_1746431569_1746435119,459362,1746432244.0,0.04900002479553223,0.03099989891052246,short_position_spike
2025-05-05 08:04:13+00:00,3c65c6,DLH5H,51.30152893066406,0.7465506888724662,1746432244.992,1746432252.996,DLH5H_3c65c6_1746431569_1746435119,459363,1746432253.0,8.007999897003174,0.003999948501586914,short_position_spike
2025-05-05 08:05:01+00:00,3c65c6,DLH5H,51.30509948730469,0.713146312816723,1746432300.191,1746432300.979,DLH5H_3c65c6_1746431569_1746435119,459371,1746432301.0,0.8090000152587891,0.020999908447265625,short_position_spike
2025-05-05 08:18:13+00:00,3c65c6,DLH5H,51.11361228813559,3.064804077148437,1746433092.8,1746433092.99,DLH5H_3c65c6_1746431569_1746435119,459870,1746433093.0,0.20000004768371582,0.009999990463256836,short_position_spike
2025-05-05 08:19:20+00:00,3c65c6,DLH5H,50.93936726198358,3.940200805664064,1746433141.822,1746433159.973,DLH5H_3c65c6_1746431569_1746435119,459879,1746433160.0,18.17799997329712,0.026999950408935547,stale_or_invalid_position_time
2025-05-05 08:21:15+00:00,3c65c6,DLH5H,50.82765197753906,4.287563014674831,1746433258.503,1746433274.995,DLH5H_3c65c6_1746431569_1746435119,459899,1746433275.0,16.496999979019165,0.005000114440917969,stale_or_invalid_position_time
2025-02-07 08:40:32+00:00,3c65c7,DLH5H,51.46608255677304,-0.4876136779785156,1738917525.885,1738917631.053,DLH5H_3c65c7_1738917632_1738921215,520863,1738917632.0,106.11500000953674,0.9470000267028809,stale_or_invalid_position_time
2025-02-17 09:48:51+00:00,3c65c7,DLH5H,50.02447613215042,8.4445520349451,1739785708.452,1739785730.623,DLH5H_3c65c7_1739782358_1739785767,530989,1739785731.0,22.54800009727478,0.377000093460083,stale_or_invalid_position_time
2025-04-20 08:17:50+00:00,3c65c7,DLH5H,51.015380859375,2.7998805690456083,1745137069.268,1745137069.979,DLH5H_3c65c7_1745135689_1745139268,543870,1745137070.0,0.7320001125335693,0.020999908447265625,short_position_spike
2025-04-20 08:17:51+00:00,3c65c7,DLH5H,50.97074347027277,3.074798583984375,1745137070.936,1745137070.996,DLH5H_3c65c7_1745135689_1745139268,543871,1745137071.0,0.06399989128112793,0.003999948501586914,short_position_spike
2025-05-17 08:07:32+00:00,3c65c7,DLH5H,51.013092041015625,2.8643138988597974,1747469234.995,1747469251.99,DLH5H_3c65c7_1747468069_1747471469,546747,1747469252.0,17.005000114440918,0.009999990463256836,stale_or_invalid_position_time
2025-05-17 08:11:08+00:00,3c65c7,DLH5H,50.77244567871094,3.497363941089527,1747469450.378,1747469467.996,DLH5H_3c65c7_1747468069_1747471469,546796,1747469468.0,17.621999979019165,0.003999948501586914,stale_or_invalid_position_time
2025-05-17 08:20:46+00:00,3c65c7,DLH5H,50.418365478515625,5.277340537623354,1747470022.662,1747470045.996,DLH5H_3c65c7_1747468069_1747471469,547098,1747470046.0,23.338000059127808,0.003999948501586914,stale_or_invalid_position_time
2025-03-31 07:46:40+00:00,3c65c9,DLH5H,51.46564031051377,-0.4878616333007812,1743407112.56,1743407199.334,DLH5H_3c65c9_1743407200_1743410980,603970,1743407200.0,87.44000005722046,0.6659998893737793,stale_or_invalid_position_time
2025-05-07 07:59:49+00:00,3c65c9,DLH5H,51.03717041015625,2.8117576805320947,1746604771.012,1746604788.986,DLH5H_3c65c9_1746603466_1746607198,608886,1746604789.0,17.98799991607666,0.01399993896484375,stale_or_invalid_position_time
2025-05-07 08:02:54+00:00,3c65c9,DLH5H,50.933990478515625,3.4227608345650338,1746604973.477,1746604973.985,DLH5H_3c65c9_1746603466_1746607198,608996,1746604974.0,0.5230000019073486,0.015000104904174805,short_position_spike
2025-05-07 08:03:05+00:00,3c65c9,DLH5H,50.93380737304688,3.424022777660473,1746604974.965,1746604984.988,DLH5H_3c65c9_1746603466_1746607198,608997,1746604985.0,10.035000085830688,0.012000083923339844,short_position_spike
2025-05-07 08:03:53+00:00,3c65c9,DLH5H,50.9124755859375,3.547767432960304,1746605015.087,1746605032.986,DLH5H_3c65c9_1746603466_1746607198,609008,1746605033.0,17.913000106811523,0.01399993896484375,stale_or_invalid_position_time
2025-05-07 08:04:11+00:00,3c65c9,DLH5H,50.90231323242188,3.60618797508446,1746605034.822,1746605050.98,DLH5H_3c65c9_1746603466_1746607198,609009,1746605051.0,16.17799997329712,0.019999980926513672,stale_or_invalid_position_time
2025-05-07 08:04:45+00:00,3c65c9,DLH5H,50.88569641113281,3.701724490603885,1746605066.042,1746605084.999,DLH5H_3c65c9_1746603466_1746607198,609013,1746605085.0,18.95799994468689,0.0009999275207519531,stale_or_invalid_position_time
2025-05-07 08:07:15+00:00,3c65c9,DLH5H,50.89374606892214,3.655319213867188,1746605227.576,1746605235.0,DLH5H_3c65c9_1746603466_1746607198,609053,1746605235.0,7.424000024795532,0.0,short_position_spike
2025-05-07 08:17:54+00:00,3c65c9,DLH5H,50.48981230137712,5.841014965160473,1746605873.628,1746605873.975,DLH5H_3c65c9_1746603466_1746607198,609536,1746605874.0,0.37199997901916504,0.02500009536743164,short_position_spike
2025-05-07 08:17:55+00:00,3c65c9,DLH5H,50.48130798339844,5.8842628880550985,1746605874.222,1746605874.999,DLH5H_3c65c9_1746603466_1746607198,609537,1746605875.0,0.7780001163482666,0.0009999275207519531,short_position_spike
2025-05-07 08:18:44+00:00,3c65c9,DLH5H,50.43104553222656,6.138899953741776,1746605901.016,1746605923.96,DLH5H_3c65c9_1746603466_1746607198,609545,1746605924.0,22.983999967575073,0.039999961853027344,stale_or_invalid_position_time
2025-05-07 08:19:50+00:00,3c65c9,DLH5H,44.3895263671875,22.88517543247768,1746605981.097,1746605989.999,DLH5H_3c65c9_1746603466_1746607198,609555,1746605990.0,8.903000116348267,0.0009999275207519531,short_position_spike
2025-05-07 08:20:42+00:00,3c65c9,DLH5H,50.3707316770392,6.439695616026183,1746606017.553,1746606041.994,DLH5H_3c65c9_1746603466_1746607198,609560,1746606042.0,24.44700002670288,0.006000041961669922,stale_or_invalid_position_time
2025-05-18 08:00:52+00:00,3c65c9,DLH5H,51.4523729227357,-0.3783416748046875,1747555250.076,1747555251.993,DLH5H_3c65c9_1747554960_1747558896,610583,1747555252.0,1.9240000247955322,0.006999969482421875,short_position_spike
2025-05-18 08:00:53+00:00,3c65c9,DLH5H,51.44836943028336,-0.3676605224609375,1747555252.759,1747555252.995,DLH5H_3c65c9_1747554960_1747558896,610584,1747555253.0,0.24099993705749512,0.005000114440917969,short_position_spike
2025-05-18 08:01:06+00:00,3c65c9,DLH5H,51.43398478879767,-0.303802490234375,1747555265.98,1747555266.0,DLH5H_3c65c9_1747554960_1747558896,610586,1747555266.0,0.019999980926513672,0.0,short_position_spike
2025-05-18 08:01:07+00:00,3c65c9,DLH5H,51.43258822166313,-0.2967071533203125,1747555266.359,1747555267.0,DLH5H_3c65c9_1747554960_1747558896,610587,1747555267.0,0.6410000324249268,0.0,short_position_spike
2025-05-18 08:01:08+00:00,3c65c9,DLH5H,51.42965698242188,-0.2785924963048956,1747555267.688,1747555267.993,DLH5H_3c65c9_1747554960_1747558896,610588,1747555268.0,0.312000036239624,0.006999969482421875,short_position_spike
2025-05-18 08:01:10+00:00,3c65c9,DLH5H,51.428631281448624,-0.2671051025390625,1747555269.331,1747555269.979,DLH5H_3c65c9_1747554960_1747558896,610589,1747555270.0,0.6689999103546143,0.020999908447265625,short_position_spike
2025-05-18 08:17:49+00:00,3c65c9,DLH5H,50.97427368164063,3.1982091955236487,1747556253.005,1747556269.0,DLH5H_3c65c9_1747554960_1747558896,611449,1747556269.0,15.994999885559082,0.0,stale_or_invalid_position_time
2025-05-18 08:17:50+00:00,3c65c9,DLH5H,51.10523288532839,2.4095916748046875,1747556269.997,1747556269.997,DLH5H_3c65c9_1747554960_1747558896,611450,1747556270.0,0.003000020980834961,0.003000020980834961,short_position_spike
2025-05-18 08:17:52+00:00,3c65c9,DLH5H,51.0707376771054,2.621307373046875,1747556271.952,1747556271.998,DLH5H_3c65c9_1747554960_1747558896,611451,1747556272.0,0.04800009727478027,0.002000093460083008,short_position_spike
2025-05-18 08:17:54+00:00,3c65c9,DLH5H,51.02856134964247,2.876205444335937,1747556273.989,1747556273.989,DLH5H_3c65c9_1747554960_1747558896,611452,1747556274.0,0.010999917984008789,0.010999917984008789,short_position_spike
2025-05-18 08:17:55+00:00,3c65c9,DLH5H,51.01377868652344,2.964378563133446,1747556274.772,1747556274.995,DLH5H_3c65c9_1747554960_1747558896,611453,1747556275.0,0.22799992561340332,0.005000114440917969,short_position_spike
2025-05-18 08:19:24+00:00,3c65c9,DLH5H,51.0082180217161,2.9973602294921875,1747556363.541,1747556363.995,DLH5H_3c65c9_1747554960_1747558896,611470,1747556364.0,0.4590001106262207,0.005000114440917969,short_position_spike
2025-05-18 08:19:25+00:00,3c65c9,DLH5H,50.98210144042969,3.151814228779561,1747556364.911,1747556364.957,DLH5H_3c65c9_1747554960_1747558896,611471,1747556365.0,0.08899998664855957,0.042999982833862305,short_position_spike
2025-05-18 08:19:26+00:00,3c65c9,DLH5H,50.958500231726696,3.291015625,1747556365.874,1747556365.874,DLH5H_3c65c9_1747554960_1747558896,611472,1747556366.0,0.12599992752075195,0.12599992752075195,short_position_spike
2025-04-19 08:24:54+00:00,3c65ca,DLH5H,50.88011169433594,3.7411416543496623,1745051090.885,1745051093.998,DLH5H_3c65ca_1745049360_1745053134,654693,1745051094.0,3.115000009536743,0.002000093460083008,short_position_spike
2025-10-02 09:25:03+00:00,3c65ca,DLH5H,50.04098510742188,8.548953407689144,1759397084.995,1759397102.843,DLH5H_3c65ca_1759393534_1759397487,695060,1759397103.0,18.005000114440918,0.15700006484985352,stale_or_invalid_position_time
2025-02-03 08:41:21+00:00,3c65cd,DLH5H,51.47611999511719,-0.435407483899894,1738571885.963,1738572080.207,DLH5H_3c65cd_1738572081_1738576438,726923,1738572081.0,195.0369999408722,0.7929999828338623,stale_or_invalid_position_time
2025-03-25 10:22:34+00:00,3c65cd,DLH5H,51.46772003173828,-0.4378385801572904,1742897935.685,1742898153.648,DLH5H_3c65cd_1742898154_1742901987,741546,1742898154.0,218.31500005722046,0.35199999809265137,stale_or_invalid_position_time
2025-04-24 08:24:27+00:00,3c65cd,DLH5H,50.62770002979343,5.02906593116554,1745483050.614,1745483066.992,DLH5H_3c65cd_1745481266_1745484952,746741,1745483067.0,16.38599991798401,0.007999897003173828,stale_or_invalid_position_time
2025-05-04 08:05:27+00:00,3c65cd,DLH5H,51.4046630859375,9.82756743559966,1746345917.279,1746345926.987,DLH5H_3c65cd_1746345613_1746349192,748485,1746345927.0,9.720999956130981,0.013000011444091797,short_position_spike
2025-05-04 08:07:08+00:00,3c65cd,DLH5H,51.40810174457097,0.0011444091796875,1746346027.475,1746346027.988,DLH5H_3c65cd_1746345613_1746349192,748523,1746346028.0,0.5250000953674316,0.012000083923339844,short_position_spike
2025-05-04 08:07:09+00:00,3c65cd,DLH5H,51.406518968485166,0.0439453125,1746346028.709,1746346028.99,DLH5H_3c65cd_1746345613_1746349192,748524,1746346029.0,0.2909998893737793,0.009999990463256836,short_position_spike
2025-05-04 08:07:11+00:00,3c65cd,DLH5H,51.40402221679688,0.1160987647804054,1746346030.851,1746346031.0,DLH5H_3c65cd_1746345613_1746349192,748525,1746346031.0,0.14899992942810059,0.0,short_position_spike
2025-05-04 08:07:12+00:00,3c65cd,DLH5H,51.400467177568856,0.1625823974609375,1746346031.833,1746346031.998,DLH5H_3c65cd_1746345613_1746349192,748526,1746346032.0,0.16700005531311035,0.002000093460083008,short_position_spike
2025-05-04 08:07:13+00:00,3c65cd,DLH5H,51.39706886420815,0.18341064453125,1746346032.284,1746346032.994,DLH5H_3c65cd_1746345613_1746349192,748527,1746346033.0,0.7160000801086426,0.006000041961669922,short_position_spike
2025-05-04 08:08:12+00:00,3c65cd,DLH5H,51.33724923861229,0.499420166015625,1746346056.054,1746346091.998,DLH5H_3c65cd_1746345613_1746349192,748533,1746346092.0,35.94600009918213,0.002000093460083008,stale_or_invalid_position_time
2025-05-04 08:18:19+00:00,3c65cd,DLH5H,51.04783630371094,2.597004658467061,1746346683.288,1746346698.961,DLH5H_3c65cd_1746345613_1746349192,748858,1746346699.0,15.711999893188477,0.03900003433227539,stale_or_invalid_position_time
2025-05-04 08:19:36+00:00,3c65cd,DLH5H,51.022230245299255,2.757568359375,1746346731.821,1746346775.999,DLH5H_3c65cd_1746345613_1746349192,748864,1746346776.0,44.17899990081787,0.0009999275207519531,stale_or_invalid_position_time
2025-05-14 08:02:45+00:00,3c65cd,DLH5H,51.34291076660156,0.4628361882390203,1747209746.817,1747209764.997,DLH5H_3c65cd_1747209290_1747213279,751412,1747209765.0,18.183000087738037,0.003000020980834961,stale_or_invalid_position_time
2025-05-14 08:18:56+00:00,3c65cd,DLH5H,51.01927185058594,2.846720927470439,1747210732.506,1747210735.984,DLH5H_3c65cd_1747209290_1747213279,752167,1747210736.0,3.49399995803833,0.016000032424926758,short_position_spike
2025-05-14 08:19:05+00:00,3c65cd,DLH5H,50.99825584282309,2.9746246337890625,1747210737.834,1747210744.988,DLH5H_3c65cd_1747209290_1747213279,752168,1747210745.0,7.165999889373779,0.012000083923339844,short_position_spike
2025-05-14 08:19:41+00:00,3c65cd,DLH5H,50.93934631347656,3.328263566300676,1747210765.463,1747210780.999,DLH5H_3c65cd_1747209290_1747213279,752178,1747210781.0,15.536999940872192,0.0009999275207519531,stale_or_invalid_position_time
2025-11-12 08:46:36+00:00,3c65cd,DLH5H,51.49017333984375,-0.5889129638671875,1762937195.896,1762937195.926,DLH5H_3c65cd_1762936940_1762941191,808309,1762937196.0,0.10400009155273438,0.07399988174438477,short_position_spike
2025-01-08 08:46:02+00:00,3c65ce,,51.47613784014168,-0.4353904724121094,1736325801.891,1736325960.272,DLH5H_3c65ce_1736325962_1736329512,824190,1736325962.0,160.10899996757507,1.7279999256134033,stale_or_invalid_position_time
2025-04-22 10:15:39+00:00,3c65ce,DLH5H,50.14872405488613,8.593684016047298,1745316923.186,1745316938.964,DLH5H_3c65ce_1745313404_1745317553,845711,1745316939.0,15.813999891281128,0.03600001335144043,stale_or_invalid_position_time
2025-04-26 08:18:20+00:00,3c65ce,DLH5H,51.23697571835275,1.4713287353515625,1745655475.595,1745655500.0,DLH5H_3c65ce_1745654704_1745658539,846523,1745655500.0,24.40499997138977,0.0,stale_or_invalid_position_time
2025-04-26 08:19:16+00:00,3c65ce,DLH5H,51.21881103515625,1.5905679238809125,1745655512.146,1745655555.992,DLH5H_3c65ce_1745654704_1745658539,846525,1745655556.0,43.854000091552734,0.007999897003173828,stale_or_invalid_position_time
2025-04-26 08:20:08+00:00,3c65ce,DLH5H,51.19720458984375,1.7823832743876689,1745655570.792,1745655607.989,DLH5H_3c65ce_1745654704_1745658539,846526,1745655608.0,37.20799994468689,0.010999917984008789,stale_or_invalid_position_time
2025-04-26 08:21:20+00:00,3c65ce,DLH5H,51.16384215274099,2.067413330078125,1745655658.902,1745655679.999,DLH5H_3c65ce_1745654704_1745658539,846531,1745655680.0,21.098000049591064,0.0009999275207519531,stale_or_invalid_position_time
2025-04-30 07:58:46+00:00,3c65ce,DLH5H,51.804633706302965,0.169677734375,1745999909.26,1745999925.976,DLH5H_3c65ce_1745999495_1746003119,849238,1745999926.0,16.740000009536743,0.023999929428100586,stale_or_invalid_position_time
2025-04-30 07:59:56+00:00,3c65ce,DLH5H,51.8587646484375,0.3514140361064189,1745999972.648,1745999995.999,DLH5H_3c65ce_1745999495_1746003119,849249,1745999996.0,23.35199999809265,0.0009999275207519531,stale_or_invalid_position_time
2025-04-30 08:00:49+00:00,3c65ce,DLH5H,51.82865466101695,0.2507781982421875,1746000045.945,1746000048.999,DLH5H_3c65ce_1745999495_1746003119,849253,1746000049.0,3.055000066757202,0.0009999275207519531,short_position_spike
2025-04-30 08:20:50+00:00,3c65ce,DLH5H,51.82525634765625,4.507438041068412,1746001249.719,1746001249.997,DLH5H_3c65ce_1745999495_1746003119,850111,1746001250.0,0.28099989891052246,0.003000020980834961,short_position_spike
2025-04-30 08:20:51+00:00,3c65ce,DLH5H,51.81399070610434,4.564666748046875,1746001250.654,1746001250.998,DLH5H_3c65ce_1745999495_1746003119,850112,1746001251.0,0.34599995613098145,0.002000093460083008,short_position_spike
2025-09-03 08:16:10+00:00,3c65ce,DLH5H,51.30559371689618,-0.3519439697265625,1756887347.934,1756887369.998,DLH5H_3c65ce_1756887100_1756890959,865815,1756887370.0,22.06599998474121,0.002000093460083008,stale_or_invalid_position_time
2025-01-13 08:48:23+00:00,3c65d6,DLH5H,51.46504211425781,-0.4681808884079146,1736758102.205,1736758102.878,DLH5H_3c65d6_1736757876_1736762069,884372,1736758103.0,0.7950000762939453,0.12199997901916504,short_position_spike
2025-01-17 09:42:53+00:00,3c65d6,DLH5H,50.02532958984375,8.448197214226973,1737106951.085,1737106972.818,DLH5H_3c65d6_1737103290_1737107002,901770,1737106973.0,21.914999961853027,0.18199992179870605,stale_or_invalid_position_time
2025-01-22 08:38:55+00:00,3c65d6,DLH5H,51.46651316497285,-0.4860305786132812,1737534950.589,1737535134.418,DLH5H_3c65d6_1737535135_1737538933,916885,1737535135.0,184.41100001335144,0.5820000171661377,stale_or_invalid_position_time
2025-02-20 08:53:46+00:00,3c65d6,DLH5H,51.47616111626059,-0.4353713989257812,1740041554.887,1740041625.661,DLH5H_3c65d6_1740041626_1740045471,931246,1740041626.0,71.11299991607666,0.33899998664855957,stale_or_invalid_position_time
2025-04-02 07:44:37+00:00,3c65d6,DLH5H,51.46528244018555,-0.474935995565886,1743579814.097,1743579875.372,DLH5H_3c65d6_1743579877_1743584214,945951,1743579877.0,62.90300011634827,1.628000020980835,stale_or_invalid_position_time
2025-04-21 08:22:33+00:00,3c65d6,DLH5H,50.88450622558594,3.7084053658150338,1745223739.149,1745223752.999,DLH5H_3c65d6_1745221950_1745226385,955345,1745223753.0,13.8510000705719,0.0009999275207519531,short_position_spike
2025-05-01 08:00:44+00:00,3c65d6,DLH5H,51.40763622219279,0.0801849365234375,1746086443.927,1746086443.994,DLH5H_3c65d6_1746086054_1746089399,958095,1746086444.0,0.07299995422363281,0.006000041961669922,short_position_spike
2025-05-01 08:03:38+00:00,3c65d6,DLH5H,51.405029296875,0.1430449614653716,1746086617.364,1746086617.996,DLH5H_3c65d6_1746086054_1746089399,958185,1746086618.0,0.6359999179840088,0.003999948501586914,short_position_spike
2025-05-01 08:03:40+00:00,3c65d6,DLH5H,51.40397644042969,0.1689519108952702,1746086619.879,1746086619.95,DLH5H_3c65d6_1746086054_1746089399,958186,1746086620.0,0.12100005149841309,0.04999995231628418,short_position_spike
2025-05-01 08:03:42+00:00,3c65d6,DLH5H,51.40251159667969,0.2033213022592905,1746086621.596,1746086621.946,DLH5H_3c65d6_1746086054_1746089399,958187,1746086622.0,0.40400004386901855,0.053999900817871094,short_position_spike
2025-05-01 08:03:50+00:00,3c65d6,DLH5H,51.399810791015625,0.2664926889780405,1746086624.739,1746086629.969,DLH5H_3c65d6_1746086054_1746089399,958188,1746086630.0,5.260999917984009,0.03099989891052246,short_position_spike
2025-05-01 08:05:14+00:00,3c65d6,DLH5H,51.384592864472985,0.8834075927734375,1746086691.984,1746086713.99,DLH5H_3c65d6_1746086054_1746089399,958208,1746086714.0,22.016000032424927,0.009999990463256836,stale_or_invalid_position_time
2025-05-01 08:05:39+00:00,3c65d6,DLH5H,51.3762600139036,0.99090576171875,1746086726.923,1746086739.0,DLH5H_3c65d6_1746086054_1746089399,958212,1746086739.0,12.07699990272522,0.0,short_position_spike
2025-05-01 08:07:41+00:00,3c65d6,DLH5H,51.298843642412606,1.343536376953125,1746086843.639,1746086860.98,DLH5H_3c65d6_1746086054_1746089399,958246,1746086861.0,17.361000061035156,0.019999980926513672,stale_or_invalid_position_time
2025-05-01 08:18:50+00:00,3c65d6,DLH5H,50.96241061970339,3.3786773681640625,1746087529.892,1746087529.927,DLH5H_3c65d6_1746086054_1746089399,958723,1746087530.0,0.10800004005432129,0.07299995422363281,short_position_spike
2025-06-17 08:46:03+00:00,3c65d6,DLH5H,49.9221543134269,8.00212963207348,1750149944.915,1750149962.982,DLH5H_3c65d6_1750146810_1750150308,978636,1750149963.0,18.085000038146973,0.017999887466430664,stale_or_invalid_position_time
2025-07-05 08:18:04+00:00,3c65d6,DLH5H,50.98554708189883,2.53204345703125,1751703466.395,1751703483.927,DLH5H_3c65d6_1751702327_1751706146,993704,1751703484.0,17.605000019073486,0.07299995422363281,stale_or_invalid_position_time
2025-12-29 10:21:50+00:00,3c65d6,DLH5H,50.04452850859044,8.54469093116554,1767003694.799,1767003706.475,DLH5H_3c65d6_1767000184_1767003744,1041145,1767003710.0,15.200999975204468,3.5250000953674316,stale_or_invalid_position_time
2025-04-03 08:45:40+00:00,3c65d8,DLH5H,50.38847351074219,6.386236893503289,1743669939.456,1743669939.999,DLH5H_3c65d8_1743667329_1743671009,1051153,1743669940.0,0.5439999103546143,0.0009999275207519531,short_position_spike
2025-04-03 08:45:42+00:00,3c65d8,DLH5H,50.37863159179688,6.433940686677631,1743669941.321,1743669942.0,DLH5H_3c65d8_1743667329_1743671009,1051154,1743669942.0,0.6789999008178711,0.0,short_position_spike
2025-04-04 07:48:30+00:00,3c65d8,DLH5H,51.46551132202149,-0.4878709122941131,1743752770.073,1743752909.572,DLH5H_3c65d8_1743752910_1743756569,1051960,1743752910.0,139.92700004577637,0.42799997329711914,stale_or_invalid_position_time
2025-04-04 08:22:42+00:00,3c65d8,DLH5H,44.67851257324219,21.54817853655134,1743754951.1,1743754961.918,DLH5H_3c65d8_1743752910_1743756569,1053819,1743754962.0,10.900000095367432,0.0820000171661377,short_position_spike
2025-05-13 08:02:34+00:00,3c65d8,DLH5H,51.24435424804688,1.7137929555532094,1747123336.404,1747123353.996,DLH5H_3c65d8_1747122437_1747126190,1056053,1747123354.0,17.59599995613098,0.003999948501586914,stale_or_invalid_position_time
2025-05-13 08:14:56+00:00,3c65d8,DLH5H,50.91522216796875,3.655255291913007,1747124095.945,1747124095.979,DLH5H_3c65d8_1747122437_1747126190,1056463,1747124096.0,0.05500006675720215,0.020999908447265625,short_position_spike
2025-05-13 08:14:57+00:00,3c65d8,DLH5H,50.91275024414063,3.6691366659628377,1747124096.684,1747124096.999,DLH5H_3c65d8_1747122437_1747126190,1056464,1747124097.0,0.31599998474121094,0.0009999275207519531,short_position_spike
2025-05-13 08:14:58+00:00,3c65d8,DLH5H,50.91059797901218,3.681182861328125,1747124097.204,1747124097.995,DLH5H_3c65d8_1747122437_1747126190,1056465,1747124098.0,0.7960000038146973,0.005000114440917969,short_position_spike
2025-05-13 08:14:59+00:00,3c65d8,DLH5H,50.90319617319915,3.7221527099609375,1747124098.672,1747124098.994,DLH5H_3c65d8_1747122437_1747126190,1056466,1747124099.0,0.3280000686645508,0.006000041961669922,short_position_spike
2025-05-13 08:20:54+00:00,3c65d8,DLH5H,50.68356271517479,4.9056243896484375,1747124438.328,1747124453.995,DLH5H_3c65d8_1747122437_1747126190,1056705,1747124454.0,15.67199993133545,0.005000114440917969,stale_or_invalid_position_time
2025-05-20 08:05:29+00:00,3c65d8,DLH5H,51.43282098285222,-0.2542877197265625,1747728328.394,1747728329.0,DLH5H_3c65d8_1747728020_1747731563,1058360,1747728329.0,0.6059999465942383,0.0,short_position_spike
2025-05-20 08:14:25+00:00,3c65d8,DLH5H,51.337005615234375,1.1451762431376689,1747728864.988,1747728864.996,DLH5H_3c65d8_1747728020_1747731563,1058718,1747728865.0,0.012000083923339844,0.003999948501586914,short_position_spike
2025-05-20 08:14:26+00:00,3c65d8,DLH5H,51.310295492915785,1.326141357421875,1747728865.991,1747728866.0,DLH5H_3c65d8_1747728020_1747731563,1058719,1747728866.0,0.009000062942504883,0.0,short_position_spike
2025-05-20 08:24:14+00:00,3c65d8,DLH5H,50.977865962658896,3.378524780273437,1747729437.433,1747729453.912,DLH5H_3c65d8_1747728020_1747731563,1058968,1747729454.0,16.566999912261963,0.08800005912780762,stale_or_invalid_position_time
2025-05-20 08:28:13+00:00,3c65d8,DLH5H,50.87306213378906,3.943052549619933,1747729692.855,1747729692.921,DLH5H_3c65d8_1747728020_1747731563,1059050,1747729693.0,0.14499998092651367,0.07899999618530273,short_position_spike
2025-05-20 08:28:14+00:00,3c65d8,DLH5H,50.86399841308594,3.991080619193412,1747729693.773,1747729693.973,DLH5H_3c65d8_1747728020_1747731563,1059051,1747729694.0,0.22699999809265137,0.026999950408935547,short_position_spike
2025-05-20 08:28:15+00:00,3c65d8,DLH5H,50.85630798339844,4.03190818992821,1747729694.533,1747729694.986,DLH5H_3c65d8_1747728020_1747731563,1059052,1747729695.0,0.46700000762939453,0.01399993896484375,short_position_spike
2025-05-20 08:31:13+00:00,3c65d8,DLH5H,50.73025460970604,4.6863555908203125,1747729856.638,1747729872.946,DLH5H_3c65d8_1747728020_1747731563,1059112,1747729873.0,16.361999988555908,0.053999900817871094,stale_or_invalid_position_time
2025-05-20 08:31:14+00:00,3c65d8,DLH5H,50.71636962890625,4.757302773965372,1747729873.99,1747729873.99,DLH5H_3c65d8_1747728020_1747731563,1059113,1747729874.0,0.009999990463256836,0.009999990463256836,short_position_spike
2025-05-20 08:31:27+00:00,3c65d8,DLH5H,50.71614074707031,4.7585647170608105,1747729874.493,1747729887.0,DLH5H_3c65d8_1747728020_1747731563,1059114,1747729887.0,12.506999969482422,0.0,short_position_spike
2025-05-20 08:32:35+00:00,3c65d8,DLH5H,50.68225925251589,4.930419921875,1747729929.962,1747729955.0,DLH5H_3c65d8_1747728020_1747731563,1059121,1747729955.0,25.038000106811523,0.0,stale_or_invalid_position_time
2025-05-20 08:34:18+00:00,3c65d8,DLH5H,20.60810852050781,106.45354679652624,1747730048.898,1747730057.965,DLH5H_3c65d8_1747728020_1747731563,1059150,1747730058.0,9.101999998092651,0.03500008583068848,short_position_spike
2025-05-20 08:34:48+00:00,3c65d8,DLH5H,50.73979781845868,4.637451171875,1747730082.642,1747730087.947,DLH5H_3c65d8_1747728020_1747731563,1059158,1747730088.0,5.358000040054321,0.05299997329711914,short_position_spike
2025-01-26 08:46:40+00:00,3c65d9,DLH5H,51.46651840209961,-0.4861264615445861,1737880988.909,1737881199.356,DLH5H_3c65d9_1737881200_1737884897,1109750,1737881200.0,211.09100008010864,0.6440000534057617,stale_or_invalid_position_time
2025-03-20 08:42:09+00:00,3c65d9,DLH5H,51.46540832519531,-0.4820993784311655,1742460082.078,1742460128.742,DLH5H_3c65d9_1742460129_1742464095,1131331,1742460129.0,46.92199993133545,0.25799989700317383,stale_or_invalid_position_time
2025-04-16 08:30:48+00:00,3c65d9,DLH5H,32.47535705566406,69.25226440429688,1744792238.036,1744792247.982,DLH5H_3c65d9_1744789855_1744794024,1140772,1744792248.0,9.96399998664856,0.017999887466430664,short_position_spike
2025-04-16 08:57:34+00:00,3c65d9,DLH5H,50.09537519034693,8.741702517947635,1744793837.726,1744793853.905,DLH5H_3c65d9_1744789855_1744794024,1141943,1744793854.0,16.2739999294281,0.09500002861022949,stale_or_invalid_position_time
2025-04-16 08:57:54+00:00,3c65d9,DLH5H,50.08834580243644,8.71200973923142,1744793858.715,1744793873.924,DLH5H_3c65d9_1744789855_1744794024,1141945,1744793874.0,15.285000085830688,0.07599997520446777,stale_or_invalid_position_time
2025-04-17 08:04:37+00:00,3c65d9,DLH5H,51.20320129394531,10.128429515941724,1744877067.342,1744877076.998,DLH5H_3c65d9_1744876474_1744880544,1142603,1744877077.0,9.657999992370605,0.002000093460083008,short_position_spike
2025-04-17 08:05:03+00:00,3c65d9,DLH5H,51.21588755462129,0.2165985107421875,1744877102.211,1744877102.997,DLH5H_3c65d9_1744876474_1744880544,1142611,1744877103.0,0.7890000343322754,0.003000020980834961,short_position_spike
2025-04-17 08:05:25+00:00,3c65d9,DLH5H,51.185943603515625,0.5128685203758446,1744877108.868,1744877124.999,DLH5H_3c65d9_1744876474_1744880544,1142612,1744877125.0,16.131999969482422,0.0009999275207519531,stale_or_invalid_position_time
2025-12-28 09:58:26+00:00,3c65d9,DLH5H,50.04044354972193,8.551260458456504,1766915890.014,1766915891.8,DLH5H_3c65d9_1766911864_1766915997,1205704,1766915906.0,15.986000061035156,14.200000047683716,stale_or_invalid_position_time
