min_cluster_size,min_samples,clusters,noise_flights,noise_percent,cluster_sizes
5,5,4,14,4.53074433656958,"{""0"": 14, ""1"": 180, ""2"": 68, ""3"": 33}"
5,10,4,22,7.119741100323624,"{""0"": 14, ""1"": 180, ""2"": 66, ""3"": 27}"
5,15,2,17,5.501618122977346,"{""0"": 180, ""1"": 112}"
10,5,4,14,4.53074433656958,"{""0"": 14, ""1"": 180, ""2"": 68, ""3"": 33}"
10,10,4,22,7.119741100323624,"{""0"": 14, ""1"": 180, ""2"": 66, ""3"": 27}"
10,15,2,17,5.501618122977346,"{""0"": 180, ""1"": 112}"
15,5,3,28,9.06148867313916,"{""0"": 180, ""1"": 68, ""2"": 33}"
15,10,3,36,11.650485436893204,"{""0"": 180, ""1"": 66, ""2"": 27}"
15,15,2,17,5.501618122977346,"{""0"": 180, ""1"": 112}"
20,5,3,28,9.06148867313916,"{""0"": 180, ""1"": 68, ""2"": 33}"
20,10,2,17,5.501618122977346,"{""0"": 180, ""1"": 112}"
20,15,2,17,5.501618122977346,"{""0"": 180, ""1"": 112}"
30,5,3,28,9.06148867313916,"{""0"": 180, ""1"": 68, ""2"": 33}"
30,10,2,17,5.501618122977346,"{""0"": 180, ""1"": 112}"
30,15,2,17,5.501618122977346,"{""0"": 180, ""1"": 112}"
