matrix_index,flight_id,cluster,membership_strength,date,noise_fraction_across_grid
0,DLH5H_3c6541_1737967381_1737971212,1,0.8188414708955919,2025-01-27,0.0
1,DLH5H_3c6541_1739522614_1739526264,2,0.5763717084958784,2025-02-14,0.0
2,DLH5H_3c6541_1741423292_1741426917,2,1.0,2025-03-08,0.0
3,DLH5H_3c6541_1742201822_1742205711,2,0.5106511272336666,2025-03-17,0.0
4,DLH5H_3c6541_1742633059_1742636875,2,0.9148794453493315,2025-03-22,0.0
5,DLH5H_3c6541_1742720310_1742724175,1,0.7927544780371466,2025-03-23,0.0
6,DLH5H_3c6541_1744616539_1744620658,1,1.0,2025-04-14,0.0
7,DLH5H_3c6541_1749109883_1749114029,1,1.0,2025-06-05,0.0
8,DLH5H_3c6541_1753085051_1753088991,1,0.6022805948966135,2025-07-21,0.0
9,DLH5H_3c6541_1753862828_1753866596,1,1.0,2025-07-30,0.0
10,DLH5H_3c6541_1755848714_1755852323,3,0.8777945508212082,2025-08-22,0.0
11,DLH5H_3c6541_1756194553_1756198284,1,1.0,2025-08-26,0.0
12,DLH5H_3c6542_1736241444_1736245161,1,1.0,2025-01-07,0.0
13,DLH5H_3c6542_1739609606_1739612965,2,0.5594777231010517,2025-02-15,0.0
14,DLH5H_3c6542_1740472980_1740476967,0,1.0,2025-02-25,0.7333333333333333
15,DLH5H_3c6542_1741941289_1741944888,2,0.5836225321035939,2025-03-14,0.0
16,DLH5H_3c6542_1742373337_1742377014,2,0.9667826457903719,2025-03-19,0.0
17,DLH5H_3c6542_1743238622_1743242238,3,1.0,2025-03-29,0.0
18,DLH5H_3c6542_1751442986_1751447030,1,1.0,2025-07-02,0.0
19,DLH5H_3c6542_1751788141_1751792097,0,1.0,2025-07-06,0.7333333333333333
20,DLH5H_3c6542_1756799153_1756803249,0,1.0,2025-09-02,0.7333333333333333
21,DLH5H_3c6542_1760773075_1760776573,2,0.7588502273347715,2025-10-18,0.0
22,DLH5H_3c6542_1761205953_1761210017,1,1.0,2025-10-23,0.0
23,DLH5H_3c6542_1763456730_1763460536,1,1.0,2025-11-18,0.0
24,DLH5H_3c6542_1763541803_1763545853,1,1.0,2025-11-19,0.0
25,DLH5H_3c6542_1764752204_1764756206,3,0.8460644748806194,2025-12-03,0.0
26,DLH5H_3c6542_1765702156_1765706364,1,1.0,2025-12-14,0.0
27,DLH5H_3c6542_1766825677_1766829586,2,0.5980609533423353,2025-12-27,0.0
28,DLH5H_3c6543_1762418764_1762422657,2,0.6686526130018309,2025-11-06,0.0
29,DLH5H_3c6543_1764406264_1764410325,1,1.0,2025-11-29,0.0
30,DLH5H_3c6543_1764925293_1764929299,0,1.0,2025-12-05,0.7333333333333333
31,DLH5H_3c6543_1765875675_1765879096,3,0.9153343252010184,2025-12-16,0.0
32,DLH5H_3c6544_1736153391_1736157254,1,1.0,2025-01-06,0.0
33,DLH5H_3c6544_1739695741_1739698919,2,0.9386165354513534,2025-02-16,0.0
34,DLH5H_3c6544_1741509720_1741513198,2,0.7730399617120834,2025-03-09,0.0
35,DLH5H_3c6544_1743320514_1743324419,1,0.921228065674428,2025-03-30,0.0
36,DLH5H_3c6544_1743839235_1743843086,2,0.7445134652829128,2025-04-05,0.0
37,DLH5H_3c6544_1744099074_1744102564,2,0.9373825017044557,2025-04-08,0.0
38,DLH5H_3c6544_1748246235_1748250096,1,1.0,2025-05-26,0.0
39,DLH5H_3c6544_1750579032_1750583008,0,0.8487476014908825,2025-06-22,0.7333333333333333
40,DLH5H_3c6544_1750665249_1750668889,1,0.8962943635001793,2025-06-23,0.0
41,DLH5H_3c6544_1751529774_1751533439,1,1.0,2025-07-03,0.0
42,DLH5H_3c6544_1752396280_1752399981,1,0.5711724339374841,2025-07-13,0.0
43,DLH5H_3c6544_1752653133_1752656888,1,1.0,2025-07-16,0.0
44,DLH5H_3c6544_1753259874_1753263680,1,0.9479238872773484,2025-07-23,0.0
45,DLH5H_3c6544_1754726995_1754730597,1,1.0,2025-08-09,0.0
46,DLH5H_3c6544_1757404594_1757408832,-1,0.0,2025-09-09,0.5333333333333333
47,DLH5H_3c6544_1758181809_1758185539,1,1.0,2025-09-18,0.0
48,DLH5H_3c65c1_1736584938_1736588836,1,0.5540620128402222,2025-01-11,0.0
49,DLH5H_3c65c1_1738054279_1738058231,1,0.9612756645103494,2025-01-28,0.0
50,DLH5H_3c65c1_1739177644_1739181316,2,0.7012085570102782,2025-02-10,0.0
51,DLH5H_3c65c1_1740732270_1740736049,3,0.6826594474823204,2025-02-28,0.2
52,DLH5H_3c65c1_1741250690_1741254884,1,1.0,2025-03-06,0.0
53,DLH5H_3c65c1_1745567475_1745571059,2,0.951042760787805,2025-04-25,0.0
54,DLH5H_3c65c1_1750492448_1750495906,2,0.8774828733709267,2025-06-21,0.0
55,DLH5H_3c65c1_1750751626_1750755463,1,1.0,2025-06-24,0.0
56,DLH5H_3c65c1_1750923975_1750928098,1,1.0,2025-06-26,0.0
57,DLH5H_3c65c1_1752738512_1752742289,1,1.0,2025-07-17,0.0
58,DLH5H_3c65c1_1755762559_1755765985,2,0.6628386557285061,2025-08-21,0.0
59,DLH5H_3c65c1_1756540609_1756544690,1,0.9262185034467767,2025-08-30,0.0
60,DLH5H_3c65c1_1756713397_1756717418,1,1.0,2025-09-01,0.0
61,DLH5H_3c65c1_1757145873_1757149134,2,0.7911760340973828,2025-09-06,0.0
62,DLH5H_3c65c1_1761032970_1761036623,1,1.0,2025-10-21,0.0
63,DLH5H_3c65c1_1761554821_1761558792,0,1.0,2025-10-27,0.7333333333333333
64,DLH5H_3c65c1_1761641765_1761645627,1,0.6555718477546194,2025-10-28,0.0
65,DLH5H_3c65c1_1764666390_1764670259,1,1.0,2025-12-02,0.0
66,DLH5H_3c65c1_1765787984_1765792193,1,0.8291412843571249,2025-12-15,0.0
67,DLH5H_3c65c1_1766479725_1766483455,2,0.5050494621697952,2025-12-23,0.0
68,DLH5H_3c65c2_1738399423_1738403145,2,0.9452771416013258,2025-02-01,0.0
69,DLH5H_3c65c2_1741077576_1741081478,3,0.774888686879082,2025-03-04,0.0
70,DLH5H_3c65c2_1741683532_1741687390,1,1.0,2025-03-11,0.0
71,DLH5H_3c65c2_1742027566_1742031412,2,0.7571262687875963,2025-03-15,0.0
72,DLH5H_3c65c2_1751874877_1751879026,1,1.0,2025-07-07,0.0
73,DLH5H_3c65c2_1752305974_1752309934,1,1.0,2025-07-12,0.0
74,DLH5H_3c65c2_1759305213_1759309159,-1,0.0,2025-10-01,0.5333333333333333
75,DLH5H_3c65c2_1762764225_1762768460,1,0.8223735336334377,2025-11-10,0.0
76,DLH5H_3c65c2_1763195889_1763199688,1,1.0,2025-11-15,0.0
77,DLH5H_3c65c2_1766393354_1766397535,2,1.0,2025-12-22,0.0
78,DLH5H_3c65c3_1750408940_1750412155,2,0.6030486622597391,2025-06-20,0.0
79,DLH5H_3c65c3_1751961240_1751965304,1,1.0,2025-07-08,0.0
80,DLH5H_3c65c3_1753170810_1753174718,1,0.6268712683478148,2025-07-22,0.0
81,DLH5H_3c65c3_1753604136_1753607976,-1,0.0,2025-07-27,1.0
82,DLH5H_3c65c3_1755244050_1755247583,3,0.6211852081565176,2025-08-15,0.0
83,DLH5H_3c65c3_1757750592_1757754576,0,0.762738140176547,2025-09-13,0.7333333333333333
84,DLH5H_3c65c3_1758096332_1758099863,1,0.8766926861055723,2025-09-17,0.0
85,DLH5H_3c65c3_1758441360_1758445424,1,0.8164573315108543,2025-09-21,0.0
86,DLH5H_3c65c3_1761378556_1761382199,1,1.0,2025-10-25,0.0
87,DLH5H_3c65c3_1761468720_1761472829,1,0.7762663969437071,2025-10-26,0.0
88,DLH5H_3c65c3_1762160022_1762164078,1,1.0,2025-11-03,0.0
89,DLH5H_3c65c3_1764493175_1764497093,1,1.0,2025-11-30,0.0
90,DLH5H_3c65c3_1765097061_1765101019,1,1.0,2025-12-07,0.0
91,DLH5H_3c65c5_1738312943_1738317165,1,1.0,2025-01-31,0.0
92,DLH5H_3c65c5_1739954231_1739957766,2,0.6093339405977689,2025-02-19,0.0
93,DLH5H_3c65c5_1742288700_1742292317,2,0.9452771416013258,2025-03-18,0.0
94,DLH5H_3c65c5_1743926046_1743929518,2,1.0,2025-04-06,0.0
95,DLH5H_3c65c5_1744445741_1744449407,-1,0.0,2025-04-12,0.5333333333333333
96,DLH5H_3c65c5_1749023636_1749027598,1,0.5670839816473439,2025-06-04,0.0
97,DLH5H_3c65c5_1749368953_1749373000,1,1.0,2025-06-08,0.0
98,DLH5H_3c65c5_1752133094_1752136924,1,1.0,2025-07-10,0.0
99,DLH5H_3c65c5_1754381281_1754384962,1,0.8931686329071836,2025-08-05,0.0
100,DLH5H_3c65c5_1755157235_1755160828,3,1.0,2025-08-14,0.0
101,DLH5H_3c65c5_1755589994_1755593500,2,0.5861554457744681,2025-08-19,0.0
102,DLH5H_3c65c5_1759133425_1759137028,3,0.5167604929439732,2025-09-29,0.2
103,DLH5H_3c65c5_1759650151_1759653959,1,0.6816742202693705,2025-10-05,0.0
104,DLH5H_3c65c5_1759908444_1759912626,1,0.8873030757001159,2025-10-08,0.0
105,DLH5H_3c65c5_1762590796_1762594719,1,0.8231773936197979,2025-11-08,0.0
106,DLH5H_3c65c5_1763110422_1763114361,1,1.0,2025-11-14,0.0
107,DLH5H_3c65c5_1763282160_1763286072,1,0.9479102702183155,2025-11-16,0.0
108,DLH5H_3c65c6_1739090840_1739094569,2,0.8739589538741523,2025-02-09,0.0
109,DLH5H_3c65c6_1739263533_1739267502,1,0.9657200344340898,2025-02-11,0.0
110,DLH5H_3c65c6_1740213797_1740218143,1,1.0,2025-02-22,0.0
111,DLH5H_3c65c6_1748419205_1748423007,1,1.0,2025-05-28,0.0
112,DLH5H_3c65c6_1749455975_1749459629,1,1.0,2025-06-09,0.0
113,DLH5H_3c65c6_1749714973_1749718372,-1,0.0,2025-06-12,0.5333333333333333
114,DLH5H_3c65c6_1752479402_1752483076,1,1.0,2025-07-14,0.0
115,DLH5H_3c65c6_1754639288_1754643007,1,0.9968484352158057,2025-08-08,0.0
116,DLH5H_3c65c6_1756021996_1756025227,2,0.5392531246435385,2025-08-24,0.0
117,DLH5H_3c65c6_1756367276_1756371645,1,0.8410643870291762,2025-08-28,0.0
118,DLH5H_3c65c6_1757317398_1757320909,3,0.9768887873182268,2025-09-08,0.0
119,DLH5H_3c65c6_1758700669_1758704465,2,1.0,2025-09-24,0.0
120,DLH5H_3c65c6_1758960895_1758964783,1,1.0,2025-09-27,0.0
121,DLH5H_3c65c6_1759478160_1759481567,3,0.9175908528711451,2025-10-03,0.0
122,DLH5H_3c65c6_1760860746_1760864083,2,0.9267824294535424,2025-10-19,0.0
123,DLH5H_3c65c6_1762075381_1762078933,1,0.556053121329322,2025-11-02,0.0
124,DLH5H_3c65c6_1762245741_1762249778,0,0.7564016624273857,2025-11-04,0.7333333333333333
125,DLH5H_3c65c6_1763023066_1763026807,1,0.9988934154830365,2025-11-13,0.0
126,DLH5H_3c65c7_1737794079_1737797904,1,0.8280713860934077,2025-01-25,0.0
127,DLH5H_3c65c7_1738831230_1738834759,2,0.7407557530887182,2025-02-06,0.0
128,DLH5H_3c65c7_1738917632_1738921215,2,0.844492477675146,2025-02-07,0.0
129,DLH5H_3c65c7_1739436295_1739440122,1,0.514572860942716,2025-02-13,0.0
130,DLH5H_3c65c7_1739782358_1739785767,2,0.5079539292150616,2025-02-17,0.0
131,DLH5H_3c65c7_1740822723_1740826879,0,0.3431598596627253,2025-03-01,0.7333333333333333
132,DLH5H_3c65c7_1742114920_1742118966,2,0.7110569617338278,2025-03-16,0.0
133,DLH5H_3c65c7_1743151064_1743155159,1,0.8370894542213508,2025-03-28,0.0
134,DLH5H_3c65c7_1748073630_1748077529,1,1.0,2025-05-24,0.0
135,DLH5H_3c65c7_1748331800_1748335647,1,1.0,2025-05-27,0.0
136,DLH5H_3c65c7_1749627767_1749631143,2,0.9386165354513534,2025-06-11,0.0
137,DLH5H_3c65c7_1751010910_1751014958,0,1.0,2025-06-27,0.7333333333333333
138,DLH5H_3c65c7_1752997323_1753001181,1,0.892171090164774,2025-07-20,0.0
139,DLH5H_3c65c7_1753429863_1753433907,1,1.0,2025-07-25,0.0
140,DLH5H_3c65c7_1754034810_1754038732,1,1.0,2025-08-01,0.0
141,DLH5H_3c65c7_1755936216_1755939956,1,1.0,2025-08-23,0.0
142,DLH5H_3c65c7_1758361804_1758365738,1,1.0,2025-09-20,0.0
143,DLH5H_3c65c7_1758614204_1758618088,2,0.8324354013666337,2025-09-23,0.0
144,DLH5H_3c65c7_1766307082_1766310760,2,0.7165017098156653,2025-12-21,0.0
145,DLH5H_3c65c7_1766565943_1766569882,2,0.43636096009541664,2025-12-24,0.0
146,DLH5H_3c65c9_1738744864_1738748728,1,0.8604286187829466,2025-02-05,0.0
147,DLH5H_3c65c9_1740646150_1740650079,1,0.86984415757996,2025-02-27,0.0
148,DLH5H_3c65c9_1743407200_1743410980,1,1.0,2025-03-31,0.0
149,DLH5H_3c65c9_1748504601_1748508329,1,0.9890351010070727,2025-05-29,0.0
150,DLH5H_3c65c9_1748677230_1748681318,1,1.0,2025-05-31,0.0
151,DLH5H_3c65c9_1752914590_1752917963,3,1.0,2025-07-19,0.0
152,DLH5H_3c65c9_1754294143_1754298177,1,0.5259268661565053,2025-08-04,0.0
153,DLH5H_3c65c9_1755072093_1755076048,1,0.5695597649216181,2025-08-13,0.0
154,DLH5H_3c65c9_1763887540_1763891416,1,1.0,2025-11-23,0.0
155,DLH5H_3c65ca_1735807950_1735811602,1,1.0,2025-01-02,0.0
156,DLH5H_3c65ca_1736498628_1736502426,1,1.0,2025-01-10,0.0
157,DLH5H_3c65ca_1739004318_1739008134,2,0.8193421533413712,2025-02-08,0.0
158,DLH5H_3c65ca_1741769206_1741772815,3,0.5349895160222439,2025-03-12,0.2
159,DLH5H_3c65ca_1744271329_1744275243,2,0.5850186855494837,2025-04-10,0.0
160,DLH5H_3c65ca_1745395579_1745399352,2,0.8226809736008294,2025-04-23,0.0
161,DLH5H_3c65ca_1749887175_1749891325,1,0.606304594143887,2025-06-14,0.0
162,DLH5H_3c65ca_1750234369_1750238137,1,1.0,2025-06-18,0.0
163,DLH5H_3c65ca_1750837789_1750841633,1,1.0,2025-06-25,0.0
164,DLH5H_3c65ca_1751099589_1751103144,1,1.0,2025-06-28,0.0
165,DLH5H_3c65ca_1751615409_1751618739,3,1.0,2025-07-04,0.0
166,DLH5H_3c65ca_1752825570_1752829388,1,1.0,2025-07-18,0.0
167,DLH5H_3c65ca_1755417684_1755420959,2,1.0,2025-08-17,0.0
168,DLH5H_3c65ca_1758268072_1758271918,1,1.0,2025-09-19,0.0
169,DLH5H_3c65ca_1759218060_1759221867,3,0.6826594474823204,2025-09-30,0.0
170,DLH5H_3c65ca_1759393534_1759397487,3,1.0,2025-10-02,0.0
171,DLH5H_3c65ca_1759564730_1759568126,1,1.0,2025-10-04,0.0
172,DLH5H_3c65ca_1760255341_1760259027,2,1.0,2025-10-12,0.0
173,DLH5H_3c65ca_1760687132_1760690537,2,0.3852365115408172,2025-10-17,0.0
174,DLH5H_3c65ca_1761899963_1761903868,1,1.0,2025-10-31,0.0
175,DLH5H_3c65ca_1762680769_1762684469,1,0.7373351281040965,2025-11-09,0.0
176,DLH5H_3c65ca_1764147073_1764150869,3,0.832235708173576,2025-11-26,0.0
177,DLH5H_3c65ca_1764321102_1764324826,1,1.0,2025-11-28,0.0
178,DLH5H_3c65ca_1765010887_1765014851,1,1.0,2025-12-06,0.0
179,DLH5H_3c65cd_1735981491_1735985270,1,0.7745186074275683,2025-01-04,0.0
180,DLH5H_3c65cd_1738572081_1738576438,1,1.0,2025-02-03,0.0
181,DLH5H_3c65cd_1739349439_1739352852,2,0.732716991341032,2025-02-12,0.0
182,DLH5H_3c65cd_1740127801_1740131789,1,1.0,2025-02-21,0.0
183,DLH5H_3c65cd_1740991032_1740994730,3,0.6298769115902924,2025-03-03,0.0
184,DLH5H_3c65cd_1742898154_1742901987,1,0.6502010027190529,2025-03-25,0.0
185,DLH5H_3c65cd_1748591071_1748594889,1,0.9519572675017577,2025-05-30,0.0
186,DLH5H_3c65cd_1749801289_1749804808,3,0.5018292801939472,2025-06-13,0.2
187,DLH5H_3c65cd_1752219996_1752223295,2,0.7633435948966455,2025-07-11,0.0
188,DLH5H_3c65cd_1754206502_1754210245,1,1.0,2025-08-03,0.0
189,DLH5H_3c65cd_1755505924_1755509270,2,0.9228278115511279,2025-08-18,0.0
190,DLH5H_3c65cd_1755676891_1755680600,2,0.5982753840218371,2025-08-20,0.0
191,DLH5H_3c65cd_1756453811_1756457993,1,0.6679254719586609,2025-08-29,0.0
192,DLH5H_3c65cd_1756973078_1756977084,-1,0.0,2025-09-04,1.0
193,DLH5H_3c65cd_1757836038_1757839669,1,1.0,2025-09-14,0.0
194,DLH5H_3c65cd_1759737314_1759740950,1,1.0,2025-10-06,0.0
195,DLH5H_3c65cd_1760168900_1760173401,1,1.0,2025-10-11,0.0
196,DLH5H_3c65cd_1760341044_1760344828,2,0.6213429531955348,2025-10-13,0.0
197,DLH5H_3c65cd_1760946642_1760950851,0,1.0,2025-10-20,0.7333333333333333
198,DLH5H_3c65cd_1761727962_1761731748,1,0.8894113826795413,2025-10-29,0.0
199,DLH5H_3c65cd_1762506632_1762510510,1,0.6055715734792362,2025-11-07,0.0
200,DLH5H_3c65cd_1762936940_1762941191,0,1.0,2025-11-12,0.7333333333333333
201,DLH5H_3c65cd_1763627861_1763632002,1,0.6874492201330239,2025-11-20,0.0
202,DLH5H_3c65cd_1765615663_1765620100,1,1.0,2025-12-13,0.0
203,DLH5H_3c65cd_1766049531_1766053583,0,1.0,2025-12-18,0.7333333333333333
204,DLH5H_3c65ce_1736325962_1736329512,1,0.8816510836344749,2025-01-08,0.0
205,DLH5H_3c65ce_1738484925_1738488828,2,0.6319222511761725,2025-02-02,0.0
206,DLH5H_3c65ce_1740559171_1740563301,1,1.0,2025-02-26,0.0
207,DLH5H_3c65ce_1741338397_1741342205,1,1.0,2025-03-07,0.0
208,DLH5H_3c65ce_1741854814_1741858555,-1,0.0,2025-03-13,0.5333333333333333
209,DLH5H_3c65ce_1747900802_1747904359,1,0.8344894076748575,2025-05-22,0.0
210,DLH5H_3c65ce_1748160244_1748164011,1,1.0,2025-05-25,0.0
211,DLH5H_3c65ce_1753689223_1753692827,1,0.9888670553694415,2025-07-28,0.0
212,DLH5H_3c65ce_1754898874_1754902379,2,1.0,2025-08-11,0.0
213,DLH5H_3c65ce_1758873243_1758877165,2,0.513941812177069,2025-09-26,0.0
214,DLH5H_3c65d6_1735894080_1735898266,1,1.0,2025-01-03,0.0
215,DLH5H_3c65d6_1736412344_1736416035,1,0.6401144786083336,2025-01-09,0.0
216,DLH5H_3c65d6_1736672951_1736676749,1,1.0,2025-01-12,0.0
217,DLH5H_3c65d6_1736757876_1736762069,3,0.571713453667449,2025-01-13,0.0
218,DLH5H_3c65d6_1736844068_1736847874,-1,0.0,2025-01-14,0.5333333333333333
219,DLH5H_3c65d6_1736930647_1736934619,3,0.6915717219928329,2025-01-15,0.0
220,DLH5H_3c65d6_1737017527_1737021326,3,0.7524509023907154,2025-01-16,0.0
221,DLH5H_3c65d6_1737103290_1737107002,3,1.0,2025-01-17,0.0
222,DLH5H_3c65d6_1737189413_1737193358,3,1.0,2025-01-18,0.0
223,DLH5H_3c65d6_1737275617_1737279649,3,0.5167604929439732,2025-01-19,0.2
224,DLH5H_3c65d6_1737362883_1737367101,1,1.0,2025-01-20,0.0
225,DLH5H_3c65d6_1737448474_1737452546,1,1.0,2025-01-21,0.0
226,DLH5H_3c65d6_1737535135_1737538933,1,1.0,2025-01-22,0.0
227,DLH5H_3c65d6_1737622182_1737625722,1,1.0,2025-01-23,0.0
228,DLH5H_3c65d6_1738140165_1738143928,1,1.0,2025-01-29,0.0
229,DLH5H_3c65d6_1738226574_1738230495,1,0.9012958499284219,2025-01-30,0.0
230,DLH5H_3c65d6_1741164163_1741168404,1,1.0,2025-03-05,0.0
231,DLH5H_3c65d6_1742979099_1742982929,3,0.6526296350692455,2025-03-26,0.0
232,DLH5H_3c65d6_1743065704_1743069269,3,0.8409958519057686,2025-03-27,0.0
233,DLH5H_3c65d6_1743579877_1743584214,2,0.40348483583303507,2025-04-02,0.2
234,DLH5H_3c65d6_1744531170_1744535125,1,1.0,2025-04-13,0.0
235,DLH5H_3c65d6_1748851140_1748854819,1,0.8682054676599299,2025-06-02,0.0
236,DLH5H_3c65d6_1748937212_1748941059,1,1.0,2025-06-03,0.0
237,DLH5H_3c65d6_1749541869_1749546255,1,1.0,2025-06-10,0.0
238,DLH5H_3c65d6_1750061433_1750065509,1,1.0,2025-06-16,0.0
239,DLH5H_3c65d6_1750146810_1750150308,3,0.867363173490953,2025-06-17,0.0
240,DLH5H_3c65d6_1750319179_1750322696,3,0.7196036900857589,2025-06-19,0.0
241,DLH5H_3c65d6_1751184210_1751187759,1,0.8747797619808974,2025-06-29,0.0
242,DLH5H_3c65d6_1751269991_1751273989,-1,0.0,2025-06-30,0.5333333333333333
243,DLH5H_3c65d6_1751355792_1751359336,3,1.0,2025-07-01,0.0
244,DLH5H_3c65d6_1751702327_1751706146,1,1.0,2025-07-05,0.0
245,DLH5H_3c65d6_1752046764_1752050770,0,1.0,2025-07-09,0.7333333333333333
246,DLH5H_3c65d6_1754555301_1754558899,1,1.0,2025-08-07,0.0
247,DLH5H_3c65d6_1757576613_1757580704,1,1.0,2025-09-11,0.0
248,DLH5H_3c65d6_1757663156_1757667077,1,1.0,2025-09-12,0.0
249,DLH5H_3c65d6_1758008442_1758012177,1,1.0,2025-09-16,0.0
250,DLH5H_3c65d6_1759822446_1759826469,1,1.0,2025-10-07,0.0
251,DLH5H_3c65d6_1761814579_1761818429,1,1.0,2025-10-30,0.0
252,DLH5H_3c65d6_1763369710_1763373697,1,0.9366558792980207,2025-11-17,0.0
253,DLH5H_3c65d6_1763715671_1763719349,3,1.0,2025-11-21,0.0
254,DLH5H_3c65d6_1765269563_1765273448,1,0.7366199315682782,2025-12-09,0.0
255,DLH5H_3c65d6_1765967780_1765972008,1,0.7137869755259422,2025-12-17,0.0
256,DLH5H_3c65d6_1767000184_1767003744,2,0.8501555539980863,2025-12-29,0.0
257,DLH5H_3c65d8_1742806260_1742810277,1,1.0,2025-03-24,0.0
258,DLH5H_3c65d8_1743492990_1743496796,2,0.5073614344489265,2025-04-01,0.2
259,DLH5H_3c65d8_1743667329_1743671009,2,1.0,2025-04-03,0.0
260,DLH5H_3c65d8_1743752910_1743756569,2,0.7002019484239952,2025-04-04,0.0
261,DLH5H_3c65d8_1748765377_1748769232,-1,0.0,2025-06-01,1.0
262,DLH5H_3c65d8_1749195935_1749200055,1,1.0,2025-06-06,0.0
263,DLH5H_3c65d8_1749282294_1749285975,1,1.0,2025-06-07,0.0
264,DLH5H_3c65d8_1754466395_1754470271,1,1.0,2025-08-06,0.0
265,DLH5H_3c65d8_1754811652_1754815028,3,1.0,2025-08-10,0.0
266,DLH5H_3c65d8_1754984874_1754988371,2,0.6553907437383067,2025-08-12,0.0
267,DLH5H_3c65d8_1756110780_1756114339,1,1.0,2025-08-25,0.0
268,DLH5H_3c65d8_1756625804_1756629615,1,1.0,2025-08-31,0.0
269,DLH5H_3c65d8_1757231988_1757235397,2,1.0,2025-09-07,0.0
270,DLH5H_3c65d8_1757491394_1757495667,-1,0.0,2025-09-10,0.5333333333333333
271,DLH5H_3c65d8_1757922949_1757927137,1,0.4971413361429839,2025-09-15,0.0
272,DLH5H_3c65d8_1758529998_1758533415,2,0.9566137607867151,2025-09-22,0.0
273,DLH5H_3c65d8_1758786085_1758789749,2,0.8245461451179298,2025-09-25,0.0
274,DLH5H_3c65d8_1760081739_1760085443,1,1.0,2025-10-10,0.0
275,DLH5H_3c65d9_1737881200_1737884897,1,0.9463234077714576,2025-01-26,0.0
276,DLH5H_3c65d9_1738657980_1738662133,1,1.0,2025-02-04,0.0
277,DLH5H_3c65d9_1739868348_1739871718,2,0.8481548482425919,2025-02-18,0.0
278,DLH5H_3c65d9_1740300120_1740304077,1,0.7952181319424962,2025-02-23,0.0
279,DLH5H_3c65d9_1740389945_1740393614,1,1.0,2025-02-24,0.0
280,DLH5H_3c65d9_1740905050_1740908788,-1,0.0,2025-03-02,0.5333333333333333
281,DLH5H_3c65d9_1742460129_1742464095,1,1.0,2025-03-20,0.0
282,DLH5H_3c65d9_1744012620_1744016498,2,0.48362749442184194,2025-04-07,0.0
283,DLH5H_3c65d9_1744876474_1744880544,-1,0.0,2025-04-17,0.5333333333333333
284,DLH5H_3c65d9_1749974406_1749978537,1,0.8814760657219209,2025-06-15,0.0
285,DLH5H_3c65d9_1752566280_1752569950,1,0.6509357190138949,2025-07-15,0.0
286,DLH5H_3c65d9_1753343611_1753347657,1,1.0,2025-07-24,0.0
287,DLH5H_3c65d9_1753515762_1753519468,3,0.6727593952331746,2025-07-26,0.2
288,DLH5H_3c65d9_1754121910_1754125547,1,1.0,2025-08-02,0.0
289,DLH5H_3c65d9_1756281240_1756284887,1,1.0,2025-08-27,0.0
290,DLH5H_3c65d9_1757058017_1757062109,1,1.0,2025-09-05,0.0
291,DLH5H_3c65d9_1759995787_1759999973,1,1.0,2025-10-09,0.0
292,DLH5H_3c65d9_1761118489_1761122367,1,0.9274704732747684,2025-10-22,0.0
293,DLH5H_3c65d9_1761292080_1761295877,1,1.0,2025-10-24,0.0
294,DLH5H_3c65d9_1763801022_1763805267,1,1.0,2025-11-22,0.0
295,DLH5H_3c65d9_1764233622_1764237567,1,0.6073313095024142,2025-11-27,0.0
296,DLH5H_3c65d9_1764579740_1764583780,1,0.9473294126010126,2025-12-01,0.0
297,DLH5H_3c65d9_1764838059_1764841688,-1,0.0,2025-12-04,0.5333333333333333
298,DLH5H_3c65d9_1766134261_1766138248,1,0.6379214789546863,2025-12-19,0.0
299,DLH5H_3c65d9_1766911864_1766915997,2,0.7746057995537297,2025-12-28,0.0
300,DLH5H_3c65da_1761987660_1761991337,1,0.5256363012179132,2025-11-01,0.0
301,DLH5H_3c65da_1762332151_1762336042,1,0.892171090164774,2025-11-05,0.0
302,DLH5H_3c65da_1763973558_1763977512,1,1.0,2025-11-24,0.0
303,DLH5H_3c65da_1765183760_1765187471,1,1.0,2025-12-08,0.0
304,DLH5H_3c65da_1765443519_1765447757,1,0.8825527580059668,2025-12-11,0.0
305,DLH5H_3c65da_1765530533_1765534229,1,1.0,2025-12-12,0.0
306,DLH5H_3c65da_1766220452_1766224049,2,0.49861151971094575,2025-12-20,0.0
307,DLH5H_3c65da_1767083920_1767087538,2,1.0,2025-12-30,0.0
308,DLH5H_3c65da_1767170422_1767174384,1,1.0,2025-12-31,0.0
