matrix_index,flight_id,cluster,membership_strength,date,noise_fraction_across_grid,nearest_cluster_medoid_distance_km
261,DLH5H_3c65d8_1748765377_1748769232,-1,0.0,2025-06-01,1.0,73.80120463160824
81,DLH5H_3c65c3_1753604136_1753607976,-1,0.0,2025-07-27,1.0,43.941370520625775
192,DLH5H_3c65cd_1756973078_1756977084,-1,0.0,2025-09-04,1.0,36.871439778787064
297,DLH5H_3c65d9_1764838059_1764841688,-1,0.0,2025-12-04,0.5333333333333333,25.51359604689682
113,DLH5H_3c65c6_1749714973_1749718372,-1,0.0,2025-06-12,0.5333333333333333,21.49912726949794
242,DLH5H_3c65d6_1751269991_1751273989,-1,0.0,2025-06-30,0.5333333333333333,20.403963562002463
74,DLH5H_3c65c2_1759305213_1759309159,-1,0.0,2025-10-01,0.5333333333333333,19.620045857921586
95,DLH5H_3c65c5_1744445741_1744449407,-1,0.0,2025-04-12,0.5333333333333333,19.432437737444097
218,DLH5H_3c65d6_1736844068_1736847874,-1,0.0,2025-01-14,0.5333333333333333,18.243522625871393
270,DLH5H_3c65d8_1757491394_1757495667,-1,0.0,2025-09-10,0.5333333333333333,17.678118663327577
283,DLH5H_3c65d9_1744876474_1744880544,-1,0.0,2025-04-17,0.5333333333333333,17.484749650364353
46,DLH5H_3c6544_1757404594_1757408832,-1,0.0,2025-09-09,0.5333333333333333,17.098019010349972
208,DLH5H_3c65ce_1741854814_1741858555,-1,0.0,2025-03-13,0.5333333333333333,16.79825453116825
280,DLH5H_3c65d9_1740905050_1740908788,-1,0.0,2025-03-02,0.5333333333333333,14.45117220044866
