matrix_index,flight_id,mcs_5_ms_5,mcs_5_ms_10,mcs_5_ms_15,mcs_10_ms_5,mcs_10_ms_10,mcs_10_ms_15,mcs_15_ms_5,mcs_15_ms_10,mcs_15_ms_15,mcs_20_ms_5,mcs_20_ms_10,mcs_20_ms_15,mcs_30_ms_5,mcs_30_ms_10,mcs_30_ms_15
0,DLH5H_3c6541_1737967381_1737971212,1,1,0,1,1,0,0,0,0,0,0,0,0,0,0
1,DLH5H_3c6541_1739522614_1739526264,2,2,1,2,2,1,1,1,1,1,1,1,1,1,1
2,DLH5H_3c6541_1741423292_1741426917,2,2,1,2,2,1,1,1,1,1,1,1,1,1,1
3,DLH5H_3c6541_1742201822_1742205711,2,2,1,2,2,1,1,1,1,1,1,1,1,1,1
4,DLH5H_3c6541_1742633059_1742636875,2,2,1,2,2,1,1,1,1,1,1,1,1,1,1
5,DLH5H_3c6541_1742720310_1742724175,1,1,0,1,1,0,0,0,0,0,0,0,0,0,0
6,DLH5H_3c6541_1744616539_1744620658,1,1,0,1,1,0,0,0,0,0,0,0,0,0,0
7,DLH5H_3c6541_1749109883_1749114029,1,1,0,1,1,0,0,0,0,0,0,0,0,0,0
8,DLH5H_3c6541_1753085051_1753088991,1,1,0,1,1,0,0,0,0,0,0,0,0,0,0
9,DLH5H_3c6541_1753862828_1753866596,1,1,0,1,1,0,0,0,0,0,0,0,0,0,0
10,DLH5H_3c6541_1755848714_1755852323,3,3,1,3,3,1,2,2,1,2,1,1,2,1,1
11,DLH5H_3c6541_1756194553_1756198284,1,1,0,1,1,0,0,0,0,0,0,0,0,0,0
12,DLH5H_3c6542_1736241444_1736245161,1,1,0,1,1,0,0,0,0,0,0,0,0,0,0
13,DLH5H_3c6542_1739609606_1739612965,2,2,1,2,2,1,1,1,1,1,1,1,1,1,1
14,DLH5H_3c6542_1740472980_1740476967,0,0,-1,0,0,-1,-1,-1,-1,-1,-1,-1,-1,-1,-1
15,DLH5H_3c6542_1741941289_1741944888,2,2,1,2,2,1,1,1,1,1,1,1,1,1,1
16,DLH5H_3c6542_1742373337_1742377014,2,2,1,2,2,1,1,1,1,1,1,1,1,1,1
17,DLH5H_3c6542_1743238622_1743242238,3,3,1,3,3,1,2,2,1,2,1,1,2,1,1
18,DLH5H_3c6542_1751442986_1751447030,1,1,0,1,1,0,0,0,0,0,0,0,0,0,0
19,DLH5H_3c6542_1751788141_1751792097,0,0,-1,0,0,-1,-1,-1,-1,-1,-1,-1,-1,-1,-1
20,DLH5H_3c6542_1756799153_1756803249,0,0,-1,0,0,-1,-1,-1,-1,-1,-1,-1,-1,-1,-1
21,DLH5H_3c6542_1760773075_1760776573,2,2,1,2,2,1,1,1,1,1,1,1,1,1,1
22,DLH5H_3c6542_1761205953_1761210017,1,1,0,1,1,0,0,0,0,0,0,0,0,0,0
23,DLH5H_3c6542_1763456730_1763460536,1,1,0,1,1,0,0,0,0,0,0,0,0,0,0
24,DLH5H_3c6542_1763541803_1763545853,1,1,0,1,1,0,0,0,0,0,0,0,0,0,0
25,DLH5H_3c6542_1764752204_1764756206,3,3,1,3,3,1,2,2,1,2,1,1,2,1,1
26,DLH5H_3c6542_1765702156_1765706364,1,1,0,1,1,0,0,0,0,0,0,0,0,0,0
27,DLH5H_3c6542_1766825677_1766829586,2,2,1,2,2,1,1,1,1,1,1,1,1,1,1
28,DLH5H_3c6543_1762418764_1762422657,2,2,1,2,2,1,1,1,1,1,1,1,1,1,1
29,DLH5H_3c6543_1764406264_1764410325,1,1,0,1,1,0,0,0,0,0,0,0,0,0,0
30,DLH5H_3c6543_1764925293_1764929299,0,0,-1,0,0,-1,-1,-1,-1,-1,-1,-1,-1,-1,-1
31,DLH5H_3c6543_1765875675_1765879096,3,3,1,3,3,1,2,2,1,2,1,1,2,1,1
32,DLH5H_3c6544_1736153391_1736157254,1,1,0,1,1,0,0,0,0,0,0,0,0,0,0
33,DLH5H_3c6544_1739695741_1739698919,2,2,1,2,2,1,1,1,1,1,1,1,1,1,1
34,DLH5H_3c6544_1741509720_1741513198,2,2,1,2,2,1,1,1,1,1,1,1,1,1,1
35,DLH5H_3c6544_1743320514_1743324419,1,1,0,1,1,0,0,0,0,0,0,0,0,0,0
36,DLH5H_3c6544_1743839235_1743843086,2,2,1,2,2,1,1,1,1,1,1,1,1,1,1
37,DLH5H_3c6544_1744099074_1744102564,2,2,1,2,2,1,1,1,1,1,1,1,1,1,1
38,DLH5H_3c6544_1748246235_1748250096,1,1,0,1,1,0,0,0,0,0,0,0,0,0,0
39,DLH5H_3c6544_1750579032_1750583008,0,0,-1,0,0,-1,-1,-1,-1,-1,-1,-1,-1,-1,-1
40,DLH5H_3c6544_1750665249_1750668889,1,1,0,1,1,0,0,0,0,0,0,0,0,0,0
41,DLH5H_3c6544_1751529774_1751533439,1,1,0,1,1,0,0,0,0,0,0,0,0,0,0
42,DLH5H_3c6544_1752396280_1752399981,1,1,0,1,1,0,0,0,0,0,0,0,0,0,0
43,DLH5H_3c6544_1752653133_1752656888,1,1,0,1,1,0,0,0,0,0,0,0,0,0,0
44,DLH5H_3c6544_1753259874_1753263680,1,1,0,1,1,0,0,0,0,0,0,0,0,0,0
45,DLH5H_3c6544_1754726995_1754730597,1,1,0,1,1,0,0,0,0,0,0,0,0,0,0
46,DLH5H_3c6544_1757404594_1757408832,-1,-1,1,-1,-1,1,-1,-1,1,-1,1,1,-1,1,1
47,DLH5H_3c6544_1758181809_1758185539,1,1,0,1,1,0,0,0,0,0,0,0,0,0,0
48,DLH5H_3c65c1_1736584938_1736588836,1,1,0,1,1,0,0,0,0,0,0,0,0,0,0
49,DLH5H_3c65c1_1738054279_1738058231,1,1,0,1,1,0,0,0,0,0,0,0,0,0,0
50,DLH5H_3c65c1_1739177644_1739181316,2,2,1,2,2,1,1,1,1,1,1,1,1,1,1
51,DLH5H_3c65c1_1740732270_1740736049,3,-1,1,3,-1,1,2,-1,1,2,1,1,2,1,1
52,DLH5H_3c65c1_1741250690_1741254884,1,1,0,1,1,0,0,0,0,0,0,0,0,0,0
53,DLH5H_3c65c1_1745567475_1745571059,2,2,1,2,2,1,1,1,1,1,1,1,1,1,1
54,DLH5H_3c65c1_1750492448_1750495906,2,2,1,2,2,1,1,1,1,1,1,1,1,1,1
55,DLH5H_3c65c1_1750751626_1750755463,1,1,0,1,1,0,0,0,0,0,0,0,0,0,0
56,DLH5H_3c65c1_1750923975_1750928098,1,1,0,1,1,0,0,0,0,0,0,0,0,0,0
57,DLH5H_3c65c1_1752738512_1752742289,1,1,0,1,1,0,0,0,0,0,0,0,0,0,0
58,DLH5H_3c65c1_1755762559_1755765985,2,2,1,2,2,1,1,1,1,1,1,1,1,1,1
59,DLH5H_3c65c1_1756540609_1756544690,1,1,0,1,1,0,0,0,0,0,0,0,0,0,0
60,DLH5H_3c65c1_1756713397_1756717418,1,1,0,1,1,0,0,0,0,0,0,0,0,0,0
61,DLH5H_3c65c1_1757145873_1757149134,2,2,1,2,2,1,1,1,1,1,1,1,1,1,1
62,DLH5H_3c65c1_1761032970_1761036623,1,1,0,1,1,0,0,0,0,0,0,0,0,0,0
63,DLH5H_3c65c1_1761554821_1761558792,0,0,-1,0,0,-1,-1,-1,-1,-1,-1,-1,-1,-1,-1
64,DLH5H_3c65c1_1761641765_1761645627,1,1,0,1,1,0,0,0,0,0,0,0,0,0,0
65,DLH5H_3c65c1_1764666390_1764670259,1,1,0,1,1,0,0,0,0,0,0,0,0,0,0
66,DLH5H_3c65c1_1765787984_1765792193,1,1,0,1,1,0,0,0,0,0,0,0,0,0,0
67,DLH5H_3c65c1_1766479725_1766483455,2,2,1,2,2,1,1,1,1,1,1,1,1,1,1
68,DLH5H_3c65c2_1738399423_1738403145,2,2,1,2,2,1,1,1,1,1,1,1,1,1,1
69,DLH5H_3c65c2_1741077576_1741081478,3,3,1,3,3,1,2,2,1,2,1,1,2,1,1
70,DLH5H_3c65c2_1741683532_1741687390,1,1,0,1,1,0,0,0,0,0,0,0,0,0,0
71,DLH5H_3c65c2_1742027566_1742031412,2,2,1,2,2,1,1,1,1,1,1,1,1,1,1
72,DLH5H_3c65c2_1751874877_1751879026,1,1,0,1,1,0,0,0,0,0,0,0,0,0,0
73,DLH5H_3c65c2_1752305974_1752309934,1,1,0,1,1,0,0,0,0,0,0,0,0,0,0
74,DLH5H_3c65c2_1759305213_1759309159,-1,-1,1,-1,-1,1,-1,-1,1,-1,1,1,-1,1,1
75,DLH5H_3c65c2_1762764225_1762768460,1,1,0,1,1,0,0,0,0,0,0,0,0,0,0
76,DLH5H_3c65c2_1763195889_1763199688,1,1,0,1,1,0,0,0,0,0,0,0,0,0,0
77,DLH5H_3c65c2_1766393354_1766397535,2,2,1,2,2,1,1,1,1,1,1,1,1,1,1
78,DLH5H_3c65c3_1750408940_1750412155,2,2,1,2,2,1,1,1,1,1,1,1,1,1,1
79,DLH5H_3c65c3_1751961240_1751965304,1,1,0,1,1,0,0,0,0,0,0,0,0,0,0
80,DLH5H_3c65c3_1753170810_1753174718,1,1,0,1,1,0,0,0,0,0,0,0,0,0,0
81,DLH5H_3c65c3_1753604136_1753607976,-1,-1,-1,-1,-1,-1,-1,-1,-1,-1,-1,-1,-1,-1,-1
82,DLH5H_3c65c3_1755244050_1755247583,3,3,1,3,3,1,2,2,1,2,1,1,2,1,1
83,DLH5H_3c65c3_1757750592_1757754576,0,0,-1,0,0,-1,-1,-1,-1,-1,-1,-1,-1,-1,-1
84,DLH5H_3c65c3_1758096332_1758099863,1,1,0,1,1,0,0,0,0,0,0,0,0,0,0
85,DLH5H_3c65c3_1758441360_1758445424,1,1,0,1,1,0,0,0,0,0,0,0,0,0,0
86,DLH5H_3c65c3_1761378556_1761382199,1,1,0,1,1,0,0,0,0,0,0,0,0,0,0
87,DLH5H_3c65c3_1761468720_1761472829,1,1,0,1,1,0,0,0,0,0,0,0,0,0,0
88,DLH5H_3c65c3_1762160022_1762164078,1,1,0,1,1,0,0,0,0,0,0,0,0,0,0
89,DLH5H_3c65c3_1764493175_1764497093,1,1,0,1,1,0,0,0,0,0,0,0,0,0,0
90,DLH5H_3c65c3_1765097061_1765101019,1,1,0,1,1,0,0,0,0,0,0,0,0,0,0
91,DLH5H_3c65c5_1738312943_1738317165,1,1,0,1,1,0,0,0,0,0,0,0,0,0,0
92,DLH5H_3c65c5_1739954231_1739957766,2,2,1,2,2,1,1,1,1,1,1,1,1,1,1
93,DLH5H_3c65c5_1742288700_1742292317,2,2,1,2,2,1,1,1,1,1,1,1,1,1,1
94,DLH5H_3c65c5_1743926046_1743929518,2,2,1,2,2,1,1,1,1,1,1,1,1,1,1
95,DLH5H_3c65c5_1744445741_1744449407,-1,-1,1,-1,-1,1,-1,-1,1,-1,1,1,-1,1,1
96,DLH5H_3c65c5_1749023636_1749027598,1,1,0,1,1,0,0,0,0,0,0,0,0,0,0
97,DLH5H_3c65c5_1749368953_1749373000,1,1,0,1,1,0,0,0,0,0,0,0,0,0,0
98,DLH5H_3c65c5_1752133094_1752136924,1,1,0,1,1,0,0,0,0,0,0,0,0,0,0
99,DLH5H_3c65c5_1754381281_1754384962,1,1,0,1,1,0,0,0,0,0,0,0,0,0,0
100,DLH5H_3c65c5_1755157235_1755160828,3,3,1,3,3,1,2,2,1,2,1,1,2,1,1
101,DLH5H_3c65c5_1755589994_1755593500,2,2,1,2,2,1,1,1,1,1,1,1,1,1,1
102,DLH5H_3c65c5_1759133425_1759137028,3,-1,1,3,-1,1,2,-1,1,2,1,1,2,1,1
103,DLH5H_3c65c5_1759650151_1759653959,1,1,0,1,1,0,0,0,0,0,0,0,0,0,0
104,DLH5H_3c65c5_1759908444_1759912626,1,1,0,1,1,0,0,0,0,0,0,0,0,0,0
105,DLH5H_3c65c5_1762590796_1762594719,1,1,0,1,1,0,0,0,0,0,0,0,0,0,0
106,DLH5H_3c65c5_1763110422_1763114361,1,1,0,1,1,0,0,0,0,0,0,0,0,0,0
107,DLH5H_3c65c5_1763282160_1763286072,1,1,0,1,1,0,0,0,0,0,0,0,0,0,0
108,DLH5H_3c65c6_1739090840_1739094569,2,2,1,2,2,1,1,1,1,1,1,1,1,1,1
109,DLH5H_3c65c6_1739263533_1739267502,1,1,0,1,1,0,0,0,0,0,0,0,0,0,0
110,DLH5H_3c65c6_1740213797_1740218143,1,1,0,1,1,0,0,0,0,0,0,0,0,0,0
111,DLH5H_3c65c6_1748419205_1748423007,1,1,0,1,1,0,0,0,0,0,0,0,0,0,0
112,DLH5H_3c65c6_1749455975_1749459629,1,1,0,1,1,0,0,0,0,0,0,0,0,0,0
113,DLH5H_3c65c6_1749714973_1749718372,-1,-1,1,-1,-1,1,-1,-1,1,-1,1,1,-1,1,1
114,DLH5H_3c65c6_1752479402_1752483076,1,1,0,1,1,0,0,0,0,0,0,0,0,0,0
115,DLH5H_3c65c6_1754639288_1754643007,1,1,0,1,1,0,0,0,0,0,0,0,0,0,0
116,DLH5H_3c65c6_1756021996_1756025227,2,2,1,2,2,1,1,1,1,1,1,1,1,1,1
117,DLH5H_3c65c6_1756367276_1756371645,1,1,0,1,1,0,0,0,0,0,0,0,0,0,0
118,DLH5H_3c65c6_1757317398_1757320909,3,3,1,3,3,1,2,2,1,2,1,1,2,1,1
119,DLH5H_3c65c6_1758700669_1758704465,2,2,1,2,2,1,1,1,1,1,1,1,1,1,1
120,DLH5H_3c65c6_1758960895_1758964783,1,1,0,1,1,0,0,0,0,0,0,0,0,0,0
121,DLH5H_3c65c6_1759478160_1759481567,3,3,1,3,3,1,2,2,1,2,1,1,2,1,1
122,DLH5H_3c65c6_1760860746_1760864083,2,2,1,2,2,1,1,1,1,1,1,1,1,1,1
123,DLH5H_3c65c6_1762075381_1762078933,1,1,0,1,1,0,0,0,0,0,0,0,0,0,0
124,DLH5H_3c65c6_1762245741_1762249778,0,0,-1,0,0,-1,-1,-1,-1,-1,-1,-1,-1,-1,-1
125,DLH5H_3c65c6_1763023066_1763026807,1,1,0,1,1,0,0,0,0,0,0,0,0,0,0
126,DLH5H_3c65c7_1737794079_1737797904,1,1,0,1,1,0,0,0,0,0,0,0,0,0,0
127,DLH5H_3c65c7_1738831230_1738834759,2,2,1,2,2,1,1,1,1,1,1,1,1,1,1
128,DLH5H_3c65c7_1738917632_1738921215,2,2,1,2,2,1,1,1,1,1,1,1,1,1,1
129,DLH5H_3c65c7_1739436295_1739440122,1,1,0,1,1,0,0,0,0,0,0,0,0,0,0
130,DLH5H_3c65c7_1739782358_1739785767,2,2,1,2,2,1,1,1,1,1,1,1,1,1,1
131,DLH5H_3c65c7_1740822723_1740826879,0,0,-1,0,0,-1,-1,-1,-1,-1,-1,-1,-1,-1,-1
132,DLH5H_3c65c7_1742114920_1742118966,2,2,1,2,2,1,1,1,1,1,1,1,1,1,1
133,DLH5H_3c65c7_1743151064_1743155159,1,1,0,1,1,0,0,0,0,0,0,0,0,0,0
134,DLH5H_3c65c7_1748073630_1748077529,1,1,0,1,1,0,0,0,0,0,0,0,0,0,0
135,DLH5H_3c65c7_1748331800_1748335647,1,1,0,1,1,0,0,0,0,0,0,0,0,0,0
136,DLH5H_3c65c7_1749627767_1749631143,2,2,1,2,2,1,1,1,1,1,1,1,1,1,1
137,DLH5H_3c65c7_1751010910_1751014958,0,0,-1,0,0,-1,-1,-1,-1,-1,-1,-1,-1,-1,-1
138,DLH5H_3c65c7_1752997323_1753001181,1,1,0,1,1,0,0,0,0,0,0,0,0,0,0
139,DLH5H_3c65c7_1753429863_1753433907,1,1,0,1,1,0,0,0,0,0,0,0,0,0,0
140,DLH5H_3c65c7_1754034810_1754038732,1,1,0,1,1,0,0,0,0,0,0,0,0,0,0
141,DLH5H_3c65c7_1755936216_1755939956,1,1,0,1,1,0,0,0,0,0,0,0,0,0,0
142,DLH5H_3c65c7_1758361804_1758365738,1,1,0,1,1,0,0,0,0,0,0,0,0,0,0
143,DLH5H_3c65c7_1758614204_1758618088,2,2,1,2,2,1,1,1,1,1,1,1,1,1,1
144,DLH5H_3c65c7_1766307082_1766310760,2,2,1,2,2,1,1,1,1,1,1,1,1,1,1
145,DLH5H_3c65c7_1766565943_1766569882,2,2,1,2,2,1,1,1,1,1,1,1,1,1,1
146,DLH5H_3c65c9_1738744864_1738748728,1,1,0,1,1,0,0,0,0,0,0,0,0,0,0
147,DLH5H_3c65c9_1740646150_1740650079,1,1,0,1,1,0,0,0,0,0,0,0,0,0,0
148,DLH5H_3c65c9_1743407200_1743410980,1,1,0,1,1,0,0,0,0,0,0,0,0,0,0
149,DLH5H_3c65c9_1748504601_1748508329,1,1,0,1,1,0,0,0,0,0,0,0,0,0,0
150,DLH5H_3c65c9_1748677230_1748681318,1,1,0,1,1,0,0,0,0,0,0,0,0,0,0
151,DLH5H_3c65c9_1752914590_1752917963,3,3,1,3,3,1,2,2,1,2,1,1,2,1,1
152,DLH5H_3c65c9_1754294143_1754298177,1,1,0,1,1,0,0,0,0,0,0,0,0,0,0
153,DLH5H_3c65c9_1755072093_1755076048,1,1,0,1,1,0,0,0,0,0,0,0,0,0,0
154,DLH5H_3c65c9_1763887540_1763891416,1,1,0,1,1,0,0,0,0,0,0,0,0,0,0
155,DLH5H_3c65ca_1735807950_1735811602,1,1,0,1,1,0,0,0,0,0,0,0,0,0,0
156,DLH5H_3c65ca_1736498628_1736502426,1,1,0,1,1,0,0,0,0,0,0,0,0,0,0
157,DLH5H_3c65ca_1739004318_1739008134,2,2,1,2,2,1,1,1,1,1,1,1,1,1,1
158,DLH5H_3c65ca_1741769206_1741772815,3,-1,1,3,-1,1,2,-1,1,2,1,1,2,1,1
159,DLH5H_3c65ca_1744271329_1744275243,2,2,1,2,2,1,1,1,1,1,1,1,1,1,1
160,DLH5H_3c65ca_1745395579_1745399352,2,2,1,2,2,1,1,1,1,1,1,1,1,1,1
161,DLH5H_3c65ca_1749887175_1749891325,1,1,0,1,1,0,0,0,0,0,0,0,0,0,0
162,DLH5H_3c65ca_1750234369_1750238137,1,1,0,1,1,0,0,0,0,0,0,0,0,0,0
163,DLH5H_3c65ca_1750837789_1750841633,1,1,0,1,1,0,0,0,0,0,0,0,0,0,0
164,DLH5H_3c65ca_1751099589_1751103144,1,1,0,1,1,0,0,0,0,0,0,0,0,0,0
165,DLH5H_3c65ca_1751615409_1751618739,3,3,1,3,3,1,2,2,1,2,1,1,2,1,1
166,DLH5H_3c65ca_1752825570_1752829388,1,1,0,1,1,0,0,0,0,0,0,0,0,0,0
167,DLH5H_3c65ca_1755417684_1755420959,2,2,1,2,2,1,1,1,1,1,1,1,1,1,1
168,DLH5H_3c65ca_1758268072_1758271918,1,1,0,1,1,0,0,0,0,0,0,0,0,0,0
169,DLH5H_3c65ca_1759218060_1759221867,3,3,1,3,3,1,2,2,1,2,1,1,2,1,1
170,DLH5H_3c65ca_1759393534_1759397487,3,3,1,3,3,1,2,2,1,2,1,1,2,1,1
171,DLH5H_3c65ca_1759564730_1759568126,1,1,0,1,1,0,0,0,0,0,0,0,0,0,0
172,DLH5H_3c65ca_1760255341_1760259027,2,2,1,2,2,1,1,1,1,1,1,1,1,1,1
173,DLH5H_3c65ca_1760687132_1760690537,2,2,1,2,2,1,1,1,1,1,1,1,1,1,1
174,DLH5H_3c65ca_1761899963_1761903868,1,1,0,1,1,0,0,0,0,0,0,0,0,0,0
175,DLH5H_3c65ca_1762680769_1762684469,1,1,0,1,1,0,0,0,0,0,0,0,0,0,0
176,DLH5H_3c65ca_1764147073_1764150869,3,3,1,3,3,1,2,2,1,2,1,1,2,1,1
177,DLH5H_3c65ca_1764321102_1764324826,1,1,0,1,1,0,0,0,0,0,0,0,0,0,0
178,DLH5H_3c65ca_1765010887_1765014851,1,1,0,1,1,0,0,0,0,0,0,0,0,0,0
179,DLH5H_3c65cd_1735981491_1735985270,1,1,0,1,1,0,0,0,0,0,0,0,0,0,0
180,DLH5H_3c65cd_1738572081_1738576438,1,1,0,1,1,0,0,0,0,0,0,0,0,0,0
181,DLH5H_3c65cd_1739349439_1739352852,2,2,1,2,2,1,1,1,1,1,1,1,1,1,1
182,DLH5H_3c65cd_1740127801_1740131789,1,1,0,1,1,0,0,0,0,0,0,0,0,0,0
183,DLH5H_3c65cd_1740991032_1740994730,3,3,1,3,3,1,2,2,1,2,1,1,2,1,1
184,DLH5H_3c65cd_1742898154_1742901987,1,1,0,1,1,0,0,0,0,0,0,0,0,0,0
185,DLH5H_3c65cd_1748591071_1748594889,1,1,0,1,1,0,0,0,0,0,0,0,0,0,0
186,DLH5H_3c65cd_1749801289_1749804808,3,-1,1,3,-1,1,2,-1,1,2,1,1,2,1,1
187,DLH5H_3c65cd_1752219996_1752223295,2,2,1,2,2,1,1,1,1,1,1,1,1,1,1
188,DLH5H_3c65cd_1754206502_1754210245,1,1,0,1,1,0,0,0,0,0,0,0,0,0,0
189,DLH5H_3c65cd_1755505924_1755509270,2,2,1,2,2,1,1,1,1,1,1,1,1,1,1
190,DLH5H_3c65cd_1755676891_1755680600,2,2,1,2,2,1,1,1,1,1,1,1,1,1,1
191,DLH5H_3c65cd_1756453811_1756457993,1,1,0,1,1,0,0,0,0,0,0,0,0,0,0
192,DLH5H_3c65cd_1756973078_1756977084,-1,-1,-1,-1,-1,-1,-1,-1,-1,-1,-1,-1,-1,-1,-1
193,DLH5H_3c65cd_1757836038_1757839669,1,1,0,1,1,0,0,0,0,0,0,0,0,0,0
194,DLH5H_3c65cd_1759737314_1759740950,1,1,0,1,1,0,0,0,0,0,0,0,0,0,0
195,DLH5H_3c65cd_1760168900_1760173401,1,1,0,1,1,0,0,0,0,0,0,0,0,0,0
196,DLH5H_3c65cd_1760341044_1760344828,2,2,1,2,2,1,1,1,1,1,1,1,1,1,1
197,DLH5H_3c65cd_1760946642_1760950851,0,0,-1,0,0,-1,-1,-1,-1,-1,-1,-1,-1,-1,-1
198,DLH5H_3c65cd_1761727962_1761731748,1,1,0,1,1,0,0,0,0,0,0,0,0,0,0
199,DLH5H_3c65cd_1762506632_1762510510,1,1,0,1,1,0,0,0,0,0,0,0,0,0,0
200,DLH5H_3c65cd_1762936940_1762941191,0,0,-1,0,0,-1,-1,-1,-1,-1,-1,-1,-1,-1,-1
201,DLH5H_3c65cd_1763627861_1763632002,1,1,0,1,1,0,0,0,0,0,0,0,0,0,0
202,DLH5H_3c65cd_1765615663_1765620100,1,1,0,1,1,0,0,0,0,0,0,0,0,0,0
203,DLH5H_3c65cd_1766049531_1766053583,0,0,-1,0,0,-1,-1,-1,-1,-1,-1,-1,-1,-1,-1
204,DLH5H_3c65ce_1736325962_1736329512,1,1,0,1,1,0,0,0,0,0,0,0,0,0,0
205,DLH5H_3c65ce_1738484925_1738488828,2,2,1,2,2,1,1,1,1,1,1,1,1,1,1
206,DLH5H_3c65ce_1740559171_1740563301,1,1,0,1,1,0,0,0,0,0,0,0,0,0,0
207,DLH5H_3c65ce_1741338397_1741342205,1,1,0,1,1,0,0,0,0,0,0,0,0,0,0
208,DLH5H_3c65ce_1741854814_1741858555,-1,-1,1,-1,-1,1,-1,-1,1,-1,1,1,-1,1,1
209,DLH5H_3c65ce_1747900802_1747904359,1,1,0,1,1,0,0,0,0,0,0,0,0,0,0
210,DLH5H_3c65ce_1748160244_1748164011,1,1,0,1,1,0,0,0,0,0,0,0,0,0,0
211,DLH5H_3c65ce_1753689223_1753692827,1,1,0,1,1,0,0,0,0,0,0,0,0,0,0
212,DLH5H_3c65ce_1754898874_1754902379,2,2,1,2,2,1,1,1,1,1,1,1,1,1,1
213,DLH5H_3c65ce_1758873243_1758877165,2,2,1,2,2,1,1,1,1,1,1,1,1,1,1
214,DLH5H_3c65d6_1735894080_1735898266,1,1,0,1,1,0,0,0,0,0,0,0,0,0,0
215,DLH5H_3c65d6_1736412344_1736416035,1,1,0,1,1,0,0,0,0,0,0,0,0,0,0
216,DLH5H_3c65d6_1736672951_1736676749,1,1,0,1,1,0,0,0,0,0,0,0,0,0,0
217,DLH5H_3c65d6_1736757876_1736762069,3,3,1,3,3,1,2,2,1,2,1,1,2,1,1
218,DLH5H_3c65d6_1736844068_1736847874,-1,-1,1,-1,-1,1,-1,-1,1,-1,1,1,-1,1,1
219,DLH5H_3c65d6_1736930647_1736934619,3,3,1,3,3,1,2,2,1,2,1,1,2,1,1
220,DLH5H_3c65d6_1737017527_1737021326,3,3,1,3,3,1,2,2,1,2,1,1,2,1,1
221,DLH5H_3c65d6_1737103290_1737107002,3,3,1,3,3,1,2,2,1,2,1,1,2,1,1
222,DLH5H_3c65d6_1737189413_1737193358,3,3,1,3,3,1,2,2,1,2,1,1,2,1,1
223,DLH5H_3c65d6_1737275617_1737279649,3,-1,1,3,-1,1,2,-1,1,2,1,1,2,1,1
224,DLH5H_3c65d6_1737362883_1737367101,1,1,0,1,1,0,0,0,0,0,0,0,0,0,0
225,DLH5H_3c65d6_1737448474_1737452546,1,1,0,1,1,0,0,0,0,0,0,0,0,0,0
226,DLH5H_3c65d6_1737535135_1737538933,1,1,0,1,1,0,0,0,0,0,0,0,0,0,0
227,DLH5H_3c65d6_1737622182_1737625722,1,1,0,1,1,0,0,0,0,0,0,0,0,0,0
228,DLH5H_3c65d6_1738140165_1738143928,1,1,0,1,1,0,0,0,0,0,0,0,0,0,0
229,DLH5H_3c65d6_1738226574_1738230495,1,1,0,1,1,0,0,0,0,0,0,0,0,0,0
230,DLH5H_3c65d6_1741164163_1741168404,1,1,0,1,1,0,0,0,0,0,0,0,0,0,0
231,DLH5H_3c65d6_1742979099_1742982929,3,3,1,3,3,1,2,2,1,2,1,1,2,1,1
232,DLH5H_3c65d6_1743065704_1743069269,3,3,1,3,3,1,2,2,1,2,1,1,2,1,1
233,DLH5H_3c65d6_1743579877_1743584214,2,-1,1,2,-1,1,1,-1,1,1,1,1,1,1,1
234,DLH5H_3c65d6_1744531170_1744535125,1,1,0,1,1,0,0,0,0,0,0,0,0,0,0
235,DLH5H_3c65d6_1748851140_1748854819,1,1,0,1,1,0,0,0,0,0,0,0,0,0,0
236,DLH5H_3c65d6_1748937212_1748941059,1,1,0,1,1,0,0,0,0,0,0,0,0,0,0
237,DLH5H_3c65d6_1749541869_1749546255,1,1,0,1,1,0,0,0,0,0,0,0,0,0,0
238,DLH5H_3c65d6_1750061433_1750065509,1,1,0,1,1,0,0,0,0,0,0,0,0,0,0
239,DLH5H_3c65d6_1750146810_1750150308,3,3,1,3,3,1,2,2,1,2,1,1,2,1,1
240,DLH5H_3c65d6_1750319179_1750322696,3,3,1,3,3,1,2,2,1,2,1,1,2,1,1
241,DLH5H_3c65d6_1751184210_1751187759,1,1,0,1,1,0,0,0,0,0,0,0,0,0,0
242,DLH5H_3c65d6_1751269991_1751273989,-1,-1,1,-1,-1,1,-1,-1,1,-1,1,1,-1,1,1
243,DLH5H_3c65d6_1751355792_1751359336,3,3,1,3,3,1,2,2,1,2,1,1,2,1,1
244,DLH5H_3c65d6_1751702327_1751706146,1,1,0,1,1,0,0,0,0,0,0,0,0,0,0
245,DLH5H_3c65d6_1752046764_1752050770,0,0,-1,0,0,-1,-1,-1,-1,-1,-1,-1,-1,-1,-1
246,DLH5H_3c65d6_1754555301_1754558899,1,1,0,1,1,0,0,0,0,0,0,0,0,0,0
247,DLH5H_3c65d6_1757576613_1757580704,1,1,0,1,1,0,0,0,0,0,0,0,0,0,0
248,DLH5H_3c65d6_1757663156_1757667077,1,1,0,1,1,0,0,0,0,0,0,0,0,0,0
249,DLH5H_3c65d6_1758008442_1758012177,1,1,0,1,1,0,0,0,0,0,0,0,0,0,0
250,DLH5H_3c65d6_1759822446_1759826469,1,1,0,1,1,0,0,0,0,0,0,0,0,0,0
251,DLH5H_3c65d6_1761814579_1761818429,1,1,0,1,1,0,0,0,0,0,0,0,0,0,0
252,DLH5H_3c65d6_1763369710_1763373697,1,1,0,1,1,0,0,0,0,0,0,0,0,0,0
253,DLH5H_3c65d6_1763715671_1763719349,3,3,1,3,3,1,2,2,1,2,1,1,2,1,1
254,DLH5H_3c65d6_1765269563_1765273448,1,1,0,1,1,0,0,0,0,0,0,0,0,0,0
255,DLH5H_3c65d6_1765967780_1765972008,1,1,0,1,1,0,0,0,0,0,0,0,0,0,0
256,DLH5H_3c65d6_1767000184_1767003744,2,2,1,2,2,1,1,1,1,1,1,1,1,1,1
257,DLH5H_3c65d8_1742806260_1742810277,1,1,0,1,1,0,0,0,0,0,0,0,0,0,0
258,DLH5H_3c65d8_1743492990_1743496796,2,-1,1,2,-1,1,1,-1,1,1,1,1,1,1,1
259,DLH5H_3c65d8_1743667329_1743671009,2,2,1,2,2,1,1,1,1,1,1,1,1,1,1
260,DLH5H_3c65d8_1743752910_1743756569,2,2,1,2,2,1,1,1,1,1,1,1,1,1,1
261,DLH5H_3c65d8_1748765377_1748769232,-1,-1,-1,-1,-1,-1,-1,-1,-1,-1,-1,-1,-1,-1,-1
262,DLH5H_3c65d8_1749195935_1749200055,1,1,0,1,1,0,0,0,0,0,0,0,0,0,0
263,DLH5H_3c65d8_1749282294_1749285975,1,1,0,1,1,0,0,0,0,0,0,0,0,0,0
264,DLH5H_3c65d8_1754466395_1754470271,1,1,0,1,1,0,0,0,0,0,0,0,0,0,0
265,DLH5H_3c65d8_1754811652_1754815028,3,3,1,3,3,1,2,2,1,2,1,1,2,1,1
266,DLH5H_3c65d8_1754984874_1754988371,2,2,1,2,2,1,1,1,1,1,1,1,1,1,1
267,DLH5H_3c65d8_1756110780_1756114339,1,1,0,1,1,0,0,0,0,0,0,0,0,0,0
268,DLH5H_3c65d8_1756625804_1756629615,1,1,0,1,1,0,0,0,0,0,0,0,0,0,0
269,DLH5H_3c65d8_1757231988_1757235397,2,2,1,2,2,1,1,1,1,1,1,1,1,1,1
270,DLH5H_3c65d8_1757491394_1757495667,-1,-1,1,-1,-1,1,-1,-1,1,-1,1,1,-1,1,1
271,DLH5H_3c65d8_1757922949_1757927137,1,1,0,1,1,0,0,0,0,0,0,0,0,0,0
272,DLH5H_3c65d8_1758529998_1758533415,2,2,1,2,2,1,1,1,1,1,1,1,1,1,1
273,DLH5H_3c65d8_1758786085_1758789749,2,2,1,2,2,1,1,1,1,1,1,1,1,1,1
274,DLH5H_3c65d8_1760081739_1760085443,1,1,0,1,1,0,0,0,0,0,0,0,0,0,0
275,DLH5H_3c65d9_1737881200_1737884897,1,1,0,1,1,0,0,0,0,0,0,0,0,0,0
276,DLH5H_3c65d9_1738657980_1738662133,1,1,0,1,1,0,0,0,0,0,0,0,0,0,0
277,DLH5H_3c65d9_1739868348_1739871718,2,2,1,2,2,1,1,1,1,1,1,1,1,1,1
278,DLH5H_3c65d9_1740300120_1740304077,1,1,0,1,1,0,0,0,0,0,0,0,0,0,0
279,DLH5H_3c65d9_1740389945_1740393614,1,1,0,1,1,0,0,0,0,0,0,0,0,0,0
280,DLH5H_3c65d9_1740905050_1740908788,-1,-1,1,-1,-1,1,-1,-1,1,-1,1,1,-1,1,1
281,DLH5H_3c65d9_1742460129_1742464095,1,1,0,1,1,0,0,0,0,0,0,0,0,0,0
282,DLH5H_3c65d9_1744012620_1744016498,2,2,1,2,2,1,1,1,1,1,1,1,1,1,1
283,DLH5H_3c65d9_1744876474_1744880544,-1,-1,1,-1,-1,1,-1,-1,1,-1,1,1,-1,1,1
284,DLH5H_3c65d9_1749974406_1749978537,1,1,0,1,1,0,0,0,0,0,0,0,0,0,0
285,DLH5H_3c65d9_1752566280_1752569950,1,1,0,1,1,0,0,0,0,0,0,0,0,0,0
286,DLH5H_3c65d9_1753343611_1753347657,1,1,0,1,1,0,0,0,0,0,0,0,0,0,0
287,DLH5H_3c65d9_1753515762_1753519468,3,-1,1,3,-1,1,2,-1,1,2,1,1,2,1,1
288,DLH5H_3c65d9_1754121910_1754125547,1,1,0,1,1,0,0,0,0,0,0,0,0,0,0
289,DLH5H_3c65d9_1756281240_1756284887,1,1,0,1,1,0,0,0,0,0,0,0,0,0,0
290,DLH5H_3c65d9_1757058017_1757062109,1,1,0,1,1,0,0,0,0,0,0,0,0,0,0
291,DLH5H_3c65d9_1759995787_1759999973,1,1,0,1,1,0,0,0,0,0,0,0,0,0,0
292,DLH5H_3c65d9_1761118489_1761122367,1,1,0,1,1,0,0,0,0,0,0,0,0,0,0
293,DLH5H_3c65d9_1761292080_1761295877,1,1,0,1,1,0,0,0,0,0,0,0,0,0,0
294,DLH5H_3c65d9_1763801022_1763805267,1,1,0,1,1,0,0,0,0,0,0,0,0,0,0
295,DLH5H_3c65d9_1764233622_1764237567,1,1,0,1,1,0,0,0,0,0,0,0,0,0,0
296,DLH5H_3c65d9_1764579740_1764583780,1,1,0,1,1,0,0,0,0,0,0,0,0,0,0
297,DLH5H_3c65d9_1764838059_1764841688,-1,-1,1,-1,-1,1,-1,-1,1,-1,1,1,-1,1,1
298,DLH5H_3c65d9_1766134261_1766138248,1,1,0,1,1,0,0,0,0,0,0,0,0,0,0
299,DLH5H_3c65d9_1766911864_1766915997,2,2,1,2,2,1,1,1,1,1,1,1,1,1,1
300,DLH5H_3c65da_1761987660_1761991337,1,1,0,1,1,0,0,0,0,0,0,0,0,0,0
301,DLH5H_3c65da_1762332151_1762336042,1,1,0,1,1,0,0,0,0,0,0,0,0,0,0
302,DLH5H_3c65da_1763973558_1763977512,1,1,0,1,1,0,0,0,0,0,0,0,0,0,0
303,DLH5H_3c65da_1765183760_1765187471,1,1,0,1,1,0,0,0,0,0,0,0,0,0,0
304,DLH5H_3c65da_1765443519_1765447757,1,1,0,1,1,0,0,0,0,0,0,0,0,0,0
305,DLH5H_3c65da_1765530533_1765534229,1,1,0,1,1,0,0,0,0,0,0,0,0,0,0
306,DLH5H_3c65da_1766220452_1766224049,2,2,1,2,2,1,1,1,1,1,1,1,1,1,1
307,DLH5H_3c65da_1767083920_1767087538,2,2,1,2,2,1,1,1,1,1,1,1,1,1,1
308,DLH5H_3c65da_1767170422_1767174384,1,1,0,1,1,0,0,0,0,0,0,0,0,0,0
